dt,LandAverageTemperature,LandAverageTemperatureUncertainty,LandMaxTemperature,LandMaxTemperatureUncertainty,LandMinTemperature,LandMinTemperatureUncertainty,LandAndOceanAverageTemperature,LandAndOceanAverageTemperatureUncertainty
1/1/1900,1.461,0.276,7.193,0.465,-4.102,0.395,13.142,0.142
2/1/1900,3.098,0.416,9.181,0.604,-2.814,0.626,13.777,0.173
3/1/1900,5.492,0.261,11.377,0.327,-0.68,0.61,14.4,0.141
4/1/1900,8.223,0.292,13.972,0.342,2.131,0.394,15.17,0.151
5/1/1900,11.385,0.357,17.415,0.329,5.179,0.379,15.955,0.159
6/1/1900,13.293,0.282,19.434,0.443,7.112,0.288,16.515,0.147
7/1/1900,14.171,0.345,19.897,0.372,8.095,0.311,16.785,0.154
8/1/1900,13.816,0.383,19.85,0.343,7.892,0.377,16.699,0.159
9/1/1900,11.955,0.293,17.818,0.382,5.967,0.337,16.124,0.147
10/1/1900,9.666,0.255,15.544,0.275,3.833,0.318,15.373,0.14
11/1/1900,5.804,0.276,11.527,0.454,0.121,0.409,14.189,0.137
12/1/1900,3.655,0.341,9.466,0.315,-1.826,0.431,13.598,0.153
1/1/1901,2.191,0.291,7.996,0.604,-3.491,0.49,13.29,0.141
2/1/1901,3.092,0.418,9.038,0.371,-2.678,0.539,13.66,0.163
3/1/1901,5.671,0.251,11.476,0.37,-0.644,0.395,14.383,0.138
4/1/1901,8.522,0.326,14.733,0.368,2.264,0.376,15.22,0.151
5/1/1901,11.178,0.339,17.315,0.397,4.855,0.39,15.936,0.154
6/1/1901,13.423,0.283,19.315,0.386,7.151,0.367,16.441,0.145
7/1/1901,14.339,0.35,20.34,0.43,8.161,0.374,16.718,0.158
8/1/1901,13.789,0.343,19.898,0.398,7.66,0.411,16.663,0.148
9/1/1901,11.984,0.305,17.929,0.464,5.819,0.322,16.001,0.14
10/1/1901,9.003,0.239,15.002,0.368,2.998,0.338,15.087,0.138
11/1/1901,5.976,0.263,12.043,0.55,0.071,0.398,14.101,0.137
12/1/1901,3.335,0.267,9.061,0.672,-2.28,0.37,13.38,0.136
1/1/1902,2.684,0.256,8.797,0.569,-3.031,0.369,13.302,0.13
2/1/1902,3.606,0.354,9.814,0.341,-2.504,0.452,13.691,0.148
3/1/1902,4.883,0.228,11.166,0.439,-1.339,0.294,14.1,0.127
4/1/1902,7.956,0.321,13.884,0.357,1.562,0.358,14.958,0.141
5/1/1902,10.893,0.341,16.986,0.536,4.587,0.369,15.719,0.145
6/1/1902,13.214,0.264,19.338,0.475,6.894,0.32,16.284,0.129
7/1/1902,14.231,0.356,20.2,0.536,7.965,0.339,16.69,0.145
8/1/1902,13.599,0.357,19.884,0.297,7.449,0.354,16.591,0.144
9/1/1902,11.799,0.289,17.897,0.299,5.555,0.372,16.032,0.134
10/1/1902,8.801,0.21,14.811,0.271,2.759,0.347,14.991,0.121
11/1/1902,5.274,0.267,11.159,0.335,-0.46,0.327,13.902,0.128
12/1/1902,2.713,0.27,8.435,0.277,-2.992,0.373,13.24,0.134
1/1/1903,2.514,0.224,8.415,0.442,-3.187,0.403,13.275,0.128
2/1/1903,3.555,0.247,9.297,0.429,-2.49,0.494,13.668,0.132
3/1/1903,4.93,0.212,10.963,0.294,-1.158,0.412,14.05,0.124
4/1/1903,7.832,0.292,13.958,0.32,1.698,0.392,14.801,0.136
5/1/1903,10.794,0.305,16.672,0.398,4.587,0.435,15.645,0.139
6/1/1903,12.886,0.268,18.897,0.381,6.723,0.296,16.161,0.127
7/1/1903,13.992,0.366,19.787,0.452,7.87,0.364,16.496,0.146
8/1/1903,13.412,0.377,19.298,0.365,7.558,0.366,16.304,0.146
9/1/1903,11.501,0.36,17.356,0.461,5.642,0.285,15.771,0.145
10/1/1903,8.812,0.202,14.634,0.417,2.895,0.371,14.835,0.118
11/1/1903,5.516,0.268,11.219,0.391,-0.051,0.34,13.828,0.132
12/1/1903,2.898,0.359,8.533,0.327,-2.687,0.381,13.205,0.145
1/1/1904,1.637,0.387,7.082,0.516,-3.86,0.398,12.957,0.152
2/1/1904,2.297,0.348,8.507,0.405,-3.583,0.432,13.154,0.147
3/1/1904,4.506,0.268,10.559,0.555,-1.575,0.302,13.859,0.133
4/1/1904,7.684,0.284,13.823,0.625,1.428,0.299,14.755,0.137
5/1/1904,10.84,0.287,16.922,0.516,4.641,0.313,15.573,0.133
6/1/1904,13.014,0.248,19.092,0.532,6.778,0.298,16.207,0.128
7/1/1904,13.836,0.296,19.678,0.647,7.777,0.34,16.525,0.134
8/1/1904,13.459,0.327,19.525,0.451,7.462,0.321,16.403,0.137
9/1/1904,11.381,0.265,17.465,0.392,5.361,0.253,15.768,0.129
10/1/1904,8.833,0.212,14.902,0.601,3.133,0.314,14.947,0.118
11/1/1904,6.23,0.224,11.997,0.3,0.558,0.337,14.144,0.119
12/1/1904,3.374,0.291,9.212,0.46,-2.067,0.446,13.433,0.13
1/1/1905,2.254,0.345,8.017,0.478,-3.324,0.373,13.205,0.14
2/1/1905,1.927,0.303,7.735,0.28,-3.951,0.411,13.206,0.137
3/1/1905,4.635,0.235,10.466,0.515,-1.308,0.38,14.035,0.125
4/1/1905,7.755,0.255,13.622,0.341,1.493,0.417,14.857,0.128
5/1/1905,10.982,0.28,16.946,0.38,4.819,0.451,15.788,0.131
6/1/1905,13.112,0.264,19.11,0.379,6.944,0.341,16.379,0.125
7/1/1905,14.077,0.307,19.877,0.441,8.038,0.342,16.651,0.133
8/1/1905,13.578,0.327,19.619,0.368,7.72,0.345,16.558,0.134
9/1/1905,11.804,0.252,17.684,0.363,5.928,0.311,16.004,0.123
10/1/1905,9.041,0.239,14.866,0.275,3.117,0.385,15.091,0.122
11/1/1905,6.183,0.282,11.984,0.28,0.574,0.403,14.232,0.127
12/1/1905,3.354,0.256,9.06,0.334,-1.931,0.372,13.45,0.123
1/1/1906,2.068,0.313,8.086,0.42,-3.637,0.294,13.25,0.137
2/1/1906,2.301,0.323,8.125,0.393,-3.343,0.344,13.502,0.135
3/1/1906,4.866,0.2,11.008,0.264,-1.229,0.353,14.245,0.117
4/1/1906,8.626,0.242,14.786,0.581,2.422,0.383,15.23,0.122
5/1/1906,11.24,0.29,17.146,0.437,4.922,0.426,15.769,0.132
6/1/1906,13.334,0.289,19.287,0.323,7.275,0.321,16.436,0.127
7/1/1906,14.122,0.323,20.058,0.391,8.186,0.345,16.662,0.137
8/1/1906,13.691,0.34,19.539,0.462,7.843,0.358,16.593,0.134
9/1/1906,11.772,0.237,17.522,0.298,5.884,0.338,15.95,0.122
10/1/1906,9.267,0.182,14.943,0.254,3.479,0.299,15.152,0.116
11/1/1906,5.501,0.192,11.17,0.327,-0.301,0.322,14.054,0.116
12/1/1906,3.761,0.368,9.258,0.458,-1.664,0.323,13.54,0.148
1/1/1907,1.798,0.274,7.903,0.38,-3.867,0.324,13.108,0.128
2/1/1907,2.117,0.268,7.993,0.383,-3.603,0.285,13.257,0.129
3/1/1907,4.575,0.209,10.61,0.352,-1.6,0.249,14.15,0.123
4/1/1907,7.579,0.263,13.401,0.37,1.521,0.281,14.918,0.133
5/1/1907,10.375,0.28,16.335,0.465,4.084,0.35,15.602,0.132
6/1/1907,12.729,0.267,18.576,0.403,6.509,0.316,16.253,0.13
7/1/1907,13.769,0.307,19.626,0.598,7.761,0.348,16.596,0.133
8/1/1907,13.362,0.326,19.187,0.318,7.465,0.35,16.456,0.132
9/1/1907,11.665,0.243,17.443,0.253,5.59,0.299,15.902,0.119
10/1/1907,9.234,0.191,15.079,0.283,3.32,0.361,15.159,0.115
11/1/1907,5.207,0.207,10.71,0.31,-0.557,0.325,13.872,0.115
12/1/1907,2.956,0.251,8.831,0.27,-2.585,0.288,13.225,0.121
1/1/1908,2.304,0.252,8.118,0.3,-3.548,0.287,13.16,0.123
2/1/1908,2.769,0.269,8.527,0.411,-3.177,0.348,13.441,0.124
3/1/1908,4.136,0.317,10.384,0.38,-2.101,0.453,13.783,0.137
4/1/1908,7.832,0.295,13.853,0.332,1.735,0.543,14.801,0.129
5/1/1908,11.141,0.285,16.958,0.388,4.86,0.388,15.757,0.13
6/1/1908,13.293,0.248,19.063,0.388,6.902,0.29,16.289,0.119
7/1/1908,14.197,0.303,19.748,0.419,8.113,0.37,16.618,0.129
8/1/1908,13.376,0.336,19.359,0.363,7.499,0.346,16.365,0.134
9/1/1908,11.977,0.252,17.781,0.325,5.977,0.261,15.93,0.119
10/1/1908,8.865,0.209,14.675,0.29,2.948,0.329,14.883,0.112
11/1/1908,5.272,0.221,11.098,0.296,-0.576,0.451,13.842,0.116
12/1/1908,3.071,0.31,8.901,0.332,-2.535,0.368,13.189,0.129
1/1/1909,1.395,0.314,7.121,0.377,-4.298,0.449,12.839,0.132
2/1/1909,2.706,0.273,8.571,0.465,-3.447,0.357,13.35,0.125
3/1/1909,4.589,0.249,10.659,0.472,-1.677,0.478,13.852,0.122
4/1/1909,7.534,0.269,13.426,0.414,1.395,0.42,14.719,0.122
5/1/1909,10.611,0.3,16.668,0.428,4.38,0.394,15.6,0.127
6/1/1909,12.962,0.232,18.71,0.281,6.766,0.327,16.191,0.114
7/1/1909,14.06,0.299,19.787,0.366,8.05,0.343,16.437,0.123
8/1/1909,13.752,0.319,19.625,0.353,7.753,0.371,16.496,0.126
9/1/1909,11.879,0.237,17.891,0.287,5.778,0.354,15.849,0.112
10/1/1909,9.192,0.178,15.139,0.327,3.221,0.34,14.941,0.102
11/1/1909,6.236,0.205,11.959,0.216,0.323,0.381,13.993,0.108
12/1/1909,3.223,0.278,8.763,0.423,-2.353,0.326,13.217,0.121
1/1/1910,2.333,0.24,8.095,0.565,-3.27,0.381,13.139,0.114
2/1/1910,2.779,0.273,8.388,0.344,-3.226,0.489,13.317,0.122
3/1/1910,4.606,0.213,10.781,0.334,-1.675,0.421,13.872,0.112
4/1/1910,8.105,0.252,14.37,0.305,1.704,0.422,14.845,0.12
5/1/1910,11.005,0.31,17.03,0.327,4.675,0.514,15.712,0.128
6/1/1910,13.151,0.232,19.027,0.246,6.871,0.422,16.264,0.11
7/1/1910,14.279,0.322,19.952,0.318,8.205,0.385,16.543,0.13
8/1/1910,13.677,0.321,19.425,0.302,7.606,0.395,16.477,0.126
9/1/1910,11.733,0.243,17.623,0.286,5.669,0.398,15.875,0.112
10/1/1910,9.006,0.203,14.905,0.243,2.986,0.377,15.019,0.105
11/1/1910,5.318,0.223,11.072,0.42,-0.654,0.434,13.75,0.109
12/1/1910,2.684,0.289,8.5,0.273,-2.999,0.459,13.016,0.123
1/1/1911,1.66,0.33,7.133,0.437,-3.969,0.285,12.908,0.128
2/1/1911,2.453,0.214,8.15,0.575,-3.664,0.318,13.164,0.107
3/1/1911,4.347,0.199,10.362,0.28,-1.743,0.315,13.752,0.108
4/1/1911,7.99,0.248,14.081,0.382,1.856,0.399,14.716,0.115
5/1/1911,10.829,0.279,16.71,0.369,4.632,0.307,15.497,0.119
6/1/1911,13.009,0.231,19.091,0.231,6.778,0.238,16.108,0.108
7/1/1911,14.082,0.292,19.987,0.335,8.053,0.327,16.431,0.122
8/1/1911,13.499,0.329,19.396,0.352,7.607,0.316,16.387,0.126
9/1/1911,11.638,0.233,17.491,0.242,5.723,0.27,15.799,0.118
10/1/1911,9.263,0.193,14.99,0.249,3.401,0.274,15.063,0.108
11/1/1911,5.964,0.184,11.652,0.303,0.309,0.338,14.062,0.108
12/1/1911,3.39,0.242,8.811,0.298,-1.981,0.336,13.425,0.115
1/1/1912,2.402,0.309,7.911,0.253,-3.305,0.329,13.249,0.125
2/1/1912,3.354,0.251,9.379,0.335,-2.718,0.594,13.595,0.115
3/1/1912,4.356,0.226,10.725,0.298,-1.981,0.346,13.995,0.115
4/1/1912,8.229,0.262,14.069,0.271,2.091,0.391,15.065,0.118
5/1/1912,11.254,0.308,17.389,0.383,4.992,0.383,15.813,0.126
6/1/1912,13.435,0.25,19.351,0.277,7.166,0.37,16.397,0.113
7/1/1912,13.723,0.293,19.729,0.368,7.916,0.345,16.509,0.12
8/1/1912,13.053,0.318,19.027,0.376,7.277,0.333,16.309,0.125
9/1/1912,11.222,0.252,17.435,0.331,5.227,0.265,15.685,0.117
10/1/1912,8.367,0.201,14.133,0.395,2.497,0.211,14.751,0.108
11/1/1912,5.521,0.188,11.185,0.345,-0.291,0.287,13.928,0.107
12/1/1912,3.069,0.243,8.307,0.339,-2.459,0.343,13.23,0.114
1/1/1913,2.083,0.295,7.655,0.442,-3.657,0.4,13.066,0.122
2/1/1913,2.376,0.295,8.233,0.328,-3.485,0.523,13.344,0.122
3/1/1913,4.517,0.219,10.4,0.274,-1.597,0.342,13.953,0.11
4/1/1913,8.023,0.246,14.219,0.355,1.91,0.334,14.957,0.117
5/1/1913,10.745,0.288,16.815,0.355,4.652,0.357,15.679,0.123
6/1/1913,13.005,0.266,19.075,0.37,6.667,0.364,16.216,0.117
7/1/1913,14.137,0.298,20.256,0.327,7.967,0.355,16.552,0.122
8/1/1913,13.724,0.325,19.805,0.359,7.735,0.37,16.496,0.126
9/1/1913,11.759,0.237,17.833,0.332,5.629,0.287,15.867,0.111
10/1/1913,9.077,0.194,14.904,0.256,3.091,0.328,15.028,0.104
11/1/1913,6.024,0.213,11.67,0.305,0.347,0.278,14.123,0.111
12/1/1913,4.103,0.271,9.556,0.443,-1.43,0.288,13.624,0.12
1/1/1914,3.376,0.307,8.822,0.369,-2.334,0.298,13.545,0.128
2/1/1914,3.2,0.225,8.502,0.469,-2.551,0.338,13.576,0.111
3/1/1914,4.942,0.221,11.039,0.277,-1.31,0.294,14.103,0.116
4/1/1914,8.098,0.244,14.051,0.262,1.888,0.303,15.018,0.119
5/1/1914,11.285,0.284,17.199,0.301,5.233,0.331,15.857,0.127
6/1/1914,13.496,0.233,19.335,0.255,7.219,0.255,16.421,0.114
7/1/1914,14.298,0.307,20.065,0.309,8.182,0.336,16.653,0.131
8/1/1914,13.73,0.318,19.692,0.321,7.87,0.324,16.692,0.132
9/1/1914,11.915,0.23,17.747,0.23,5.866,0.245,16.075,0.137
10/1/1914,9.387,0.183,15.271,0.237,3.567,0.26,15.223,0.124
11/1/1914,5.759,0.195,11.287,0.399,0.239,0.329,14.155,0.125
12/1/1914,3.6,0.276,8.764,0.371,-1.624,0.334,13.597,0.139
1/1/1915,2.299,0.246,7.901,0.37,-3.416,0.332,13.32,0.134
2/1/1915,3.265,0.261,8.931,0.419,-2.52,0.375,13.675,0.137
3/1/1915,5.143,0.209,11.024,0.272,-1.115,0.355,14.32,0.131
4/1/1915,8.705,0.251,14.607,0.336,2.755,0.324,15.292,0.135
5/1/1915,11.493,0.286,17.141,0.325,5.371,0.416,16.067,0.138
6/1/1915,13.3,0.249,19.189,0.294,7.154,0.292,16.445,0.133
7/1/1915,14.443,0.295,20.553,0.685,8.455,0.313,16.817,0.145
8/1/1915,13.77,0.326,19.997,0.582,7.758,0.333,16.802,0.144
9/1/1915,11.867,0.259,17.811,0.539,6.038,0.338,16.102,0.135
10/1/1915,8.984,0.19,14.862,0.302,3.017,0.36,15.093,0.125
11/1/1915,6.216,0.185,12.159,0.337,0.297,0.33,14.254,0.127
12/1/1915,3.633,0.197,9.515,0.327,-2.069,0.377,13.538,0.127
1/1/1916,2.616,0.242,8.309,0.296,-2.927,0.359,13.294,0.134
2/1/1916,2.957,0.264,8.855,0.289,-3.024,0.371,13.581,0.134
3/1/1916,4.846,0.307,10.961,0.308,-1.584,0.32,14.121,0.142
4/1/1916,8.047,0.257,14.096,0.272,1.918,0.343,14.975,0.134
5/1/1916,10.972,0.294,17.084,0.374,4.794,0.457,15.779,0.139
6/1/1916,12.942,0.232,18.91,0.357,6.867,0.376,16.29,0.126
7/1/1916,14.052,0.301,20.012,0.327,8.184,0.347,16.599,0.145
8/1/1916,13.58,0.323,19.484,0.355,7.754,0.338,16.511,0.142
9/1/1916,11.726,0.247,17.634,0.302,5.725,0.306,15.927,0.132
10/1/1916,9.053,0.218,14.763,0.296,3.156,0.195,14.919,0.128
11/1/1916,5.596,0.214,11.22,0.305,-0.311,0.257,13.814,0.131
12/1/1916,2.316,0.226,7.838,0.406,-3.402,0.253,13.006,0.131
1/1/1917,2.133,0.252,7.848,0.358,-3.782,0.273,12.84,0.138
2/1/1917,2.36,0.314,8.334,0.398,-3.771,0.307,13.099,0.151
3/1/1917,4.488,0.231,10.552,0.227,-1.983,0.272,13.801,0.136
4/1/1917,7.855,0.272,13.932,0.235,1.689,0.317,14.815,0.142
5/1/1917,10.443,0.294,16.421,0.341,4.305,0.373,15.537,0.143
6/1/1917,12.915,0.243,18.889,0.303,6.792,0.325,16.239,0.132
7/1/1917,14.259,0.296,20.083,0.374,8.377,0.344,16.706,0.144
8/1/1917,13.471,0.319,19.568,0.507,7.545,0.349,16.58,0.149
9/1/1917,11.745,0.242,17.669,0.283,5.796,0.312,16.058,0.142
10/1/1917,8.544,0.173,14.426,0.279,2.64,0.301,14.942,0.126
11/1/1917,5.82,0.226,11.686,0.253,0.057,0.266,14.002,0.138
12/1/1917,2.247,0.266,7.703,0.276,-3.43,0.326,13.098,0.145
1/1/1918,1.934,0.251,7.552,0.261,-3.802,0.371,13.129,0.141
2/1/1918,2.455,0.342,8.256,0.314,-3.568,0.344,13.312,0.156
3/1/1918,4.811,0.257,10.704,0.197,-1.267,0.31,14.034,0.147
4/1/1918,7.644,0.258,13.706,0.255,1.426,0.38,14.794,0.148
5/1/1918,10.54,0.304,16.48,0.332,4.386,0.359,15.733,0.156
6/1/1918,12.908,0.242,18.731,0.335,6.772,0.407,16.306,0.14
7/1/1918,14.002,0.301,19.916,0.367,7.896,0.384,16.596,0.149
8/1/1918,13.431,0.329,19.326,0.334,7.492,0.378,16.552,0.147
9/1/1918,11.881,0.256,17.999,0.243,5.8,0.29,16.074,0.147
10/1/1918,9.433,0.209,15.332,0.243,3.578,0.499,15.252,0.144
11/1/1918,5.683,0.225,11.265,0.2,0.142,0.353,14.297,0.148
12/1/1918,2.848,0.245,8.266,0.356,-2.627,0.377,13.439,0.155
1/1/1919,2.184,0.252,7.649,0.381,-3.396,0.453,13.309,0.152
2/1/1919,2.852,0.285,8.627,0.43,-2.996,0.452,13.678,0.151
3/1/1919,4.743,0.27,10.714,0.285,-1.547,0.352,14.22,0.148
4/1/1919,8.487,0.292,14.412,0.349,2.441,0.385,15.253,0.15
5/1/1919,10.969,0.286,16.701,0.376,4.881,0.375,15.847,0.14
6/1/1919,13.228,0.241,19.017,0.429,7.102,0.34,16.375,0.132
7/1/1919,14.274,0.299,20.146,0.44,8.264,0.414,16.582,0.144
8/1/1919,13.786,0.335,19.804,0.367,7.842,0.333,16.498,0.153
9/1/1919,11.99,0.25,17.887,0.346,6.126,0.26,16.025,0.141
10/1/1919,9.361,0.216,15.005,0.205,3.522,0.237,15.117,0.129
11/1/1919,5.489,0.23,11.158,0.184,-0.431,0.205,13.914,0.136
12/1/1919,3.224,0.245,8.756,0.303,-2.395,0.266,13.263,0.138
1/1/1920,2.841,0.25,8.444,0.435,-2.942,0.328,13.257,0.137
2/1/1920,2.755,0.268,8.266,0.503,-3.109,0.289,13.347,0.136
3/1/1920,5.227,0.231,11.034,0.3,-0.782,0.292,14.25,0.138
4/1/1920,8.293,0.272,14.141,0.298,2.164,0.419,15.079,0.145
5/1/1920,11.131,0.31,17.145,0.474,5.126,0.352,15.855,0.141
6/1/1920,13.105,0.245,18.9,0.335,7.057,0.297,16.415,0.131
7/1/1920,14.245,0.305,20.121,0.477,8.299,0.358,16.693,0.143
8/1/1920,13.698,0.343,19.647,0.305,7.772,0.345,16.626,0.143
9/1/1920,11.794,0.258,17.81,0.257,5.85,0.297,16.117,0.133
10/1/1920,9.021,0.212,14.852,0.302,3.1,0.267,15.206,0.125
11/1/1920,5.566,0.229,11.127,0.243,-0.123,0.278,14.159,0.128
12/1/1920,2.629,0.229,8.225,0.31,-3.063,0.402,13.311,0.127
1/1/1921,2.98,0.32,8.737,0.317,-2.709,0.345,13.439,0.146
2/1/1921,3.125,0.236,9.17,0.409,-2.816,0.278,13.622,0.129
3/1/1921,5.081,0.276,10.928,0.36,-0.931,0.322,14.128,0.137
4/1/1921,8.324,0.262,14.327,0.247,2.252,0.34,15.005,0.129
5/1/1921,11.245,0.282,17.255,0.306,5.152,0.389,15.826,0.129
6/1/1921,13.44,0.239,19.36,0.299,7.384,0.366,16.49,0.122
7/1/1921,14.436,0.302,20.42,0.296,8.424,0.388,16.783,0.136
8/1/1921,13.561,0.326,19.468,0.311,7.601,0.368,16.618,0.137
9/1/1921,11.869,0.24,17.785,0.221,5.996,0.235,16.166,0.125
10/1/1921,9.264,0.188,15.124,0.248,3.446,0.244,15.285,0.117
11/1/1921,5.864,0.198,11.362,0.22,0.2,0.236,14.236,0.12
12/1/1921,3.663,0.213,9.157,0.243,-1.874,0.273,13.627,0.123
1/1/1922,2.15,0.214,7.603,0.524,-3.428,0.389,13.177,0.121
2/1/1922,2.376,0.271,8.234,0.529,-3.684,0.434,13.453,0.128
3/1/1922,5.156,0.223,11.248,0.282,-1.188,0.261,14.245,0.121
4/1/1922,8.38,0.276,14.521,0.23,2.156,0.324,15.168,0.127
5/1/1922,11.097,0.285,16.912,0.369,4.983,0.357,15.778,0.13
6/1/1922,13.331,0.241,19.153,0.299,7.266,0.236,16.406,0.117
7/1/1922,14.278,0.306,20.098,0.305,8.241,0.352,16.745,0.13
8/1/1922,13.584,0.333,19.475,0.315,7.599,0.303,16.532,0.134
9/1/1922,11.775,0.255,17.661,0.232,5.754,0.265,15.981,0.121
10/1/1922,9.056,0.219,14.975,0.202,3.134,0.27,15.043,0.12
11/1/1922,6.046,0.246,11.615,0.26,0.232,0.278,14.117,0.121
12/1/1922,3.667,0.234,8.968,0.241,-1.865,0.29,13.503,0.119
1/1/1923,2.487,0.276,8.21,0.259,-3.195,0.349,13.24,0.127
2/1/1923,2.563,0.262,8.298,0.318,-3.172,0.263,13.358,0.124
3/1/1923,4.866,0.226,10.786,0.194,-1.256,0.252,14.049,0.122
4/1/1923,7.749,0.24,13.64,0.283,1.602,0.311,14.959,0.122
5/1/1923,10.849,0.292,16.825,0.346,4.79,0.385,15.724,0.128
6/1/1923,13.296,0.259,19.056,0.231,7.139,0.277,16.452,0.12
7/1/1923,13.984,0.3,19.81,0.323,8.012,0.343,16.628,0.129
8/1/1923,13.611,0.34,19.445,0.333,7.645,0.3,16.54,0.137
9/1/1923,11.883,0.256,17.783,0.291,5.816,0.231,15.992,0.12
10/1/1923,9.52,0.191,15.188,0.341,3.523,0.225,15.249,0.112
11/1/1923,6.378,0.179,11.871,0.22,0.474,0.232,14.404,0.112
12/1/1923,3.88,0.216,9.269,0.278,-1.903,0.31,13.739,0.119
1/1/1924,2.339,0.29,7.912,0.298,-3.502,0.377,13.303,0.134
2/1/1924,2.888,0.288,8.609,0.469,-3.025,0.383,13.585,0.127
3/1/1924,5.352,0.208,11.24,0.183,-0.806,0.262,14.325,0.119
4/1/1924,7.97,0.267,13.857,0.274,1.722,0.299,15.081,0.127
5/1/1924,11.188,0.298,17.185,0.31,4.905,0.325,15.918,0.127
6/1/1924,13.342,0.241,19.195,0.284,7.085,0.244,16.461,0.116
7/1/1924,14.304,0.307,20.057,0.322,8.161,0.326,16.724,0.131
8/1/1924,13.654,0.326,19.519,0.312,7.585,0.338,16.556,0.134
9/1/1924,11.957,0.232,17.783,0.219,6.024,0.252,16.003,0.122
10/1/1924,9.203,0.182,14.896,0.243,3.29,0.223,15.042,0.117
11/1/1924,6.4,0.2,11.794,0.191,0.656,0.193,14.132,0.116
12/1/1924,3.485,0.243,8.639,0.246,-2.021,0.309,13.342,0.124
1/1/1925,2.268,0.228,7.484,0.289,-3.179,0.283,13.157,0.125
2/1/1925,2.701,0.236,8.51,0.254,-3.314,0.335,13.361,0.121
3/1/1925,5.126,0.224,11.133,0.206,-1.14,0.247,14.155,0.124
4/1/1925,8.442,0.244,14.538,0.272,2.178,0.315,15.011,0.124
5/1/1925,11.039,0.286,17.032,0.324,4.828,0.31,15.855,0.13
6/1/1925,13.089,0.22,19.041,0.283,6.883,0.276,16.413,0.116
7/1/1925,14.066,0.3,19.971,0.279,8.047,0.306,16.74,0.129
8/1/1925,13.769,0.32,19.737,0.289,7.724,0.367,16.716,0.135
9/1/1925,11.979,0.235,17.874,0.244,6.008,0.222,16.14,0.126
10/1/1925,9.196,0.193,14.889,0.188,3.287,0.253,15.221,0.117
11/1/1925,6.34,0.196,11.912,0.193,0.646,0.268,14.418,0.118
12/1/1925,4.398,0.207,10.011,0.244,-1.47,0.305,13.897,0.122
1/1/1926,3.453,0.258,8.785,0.277,-2.222,0.233,13.739,0.128
2/1/1926,3.717,0.211,9.503,0.249,-2.307,0.31,13.842,0.115
3/1/1926,5.831,0.178,11.593,0.198,-0.234,0.258,14.536,0.116
4/1/1926,8.193,0.259,14.095,0.298,2.006,0.299,15.214,0.127
5/1/1926,10.931,0.295,16.688,0.301,4.806,0.335,15.932,0.129
6/1/1926,13.285,0.231,19.214,0.229,7.079,0.261,16.581,0.117
7/1/1926,14.168,0.287,19.998,0.297,8.058,0.332,16.766,0.13
8/1/1926,13.877,0.321,19.695,0.304,7.916,0.345,16.8,0.135
9/1/1926,12.075,0.242,17.816,0.231,6.15,0.255,16.222,0.12
10/1/1926,9.55,0.2,15.474,0.193,3.601,0.241,15.372,0.115
11/1/1926,6.3,0.208,11.936,0.245,0.618,0.248,14.351,0.116
12/1/1926,3.366,0.222,8.63,0.25,-2.248,0.264,13.538,0.121
1/1/1927,2.372,0.268,7.935,0.229,-3.512,0.251,13.323,0.13
2/1/1927,3.039,0.244,8.67,0.25,-2.866,0.315,13.65,0.12
3/1/1927,4.668,0.223,10.565,0.232,-1.495,0.31,14.084,0.121
4/1/1927,8.035,0.239,14.007,0.256,1.852,0.368,15.045,0.118
5/1/1927,11.104,0.297,16.998,0.28,4.873,0.32,15.873,0.127
6/1/1927,13.272,0.23,19.136,0.245,7.106,0.265,16.444,0.114
7/1/1927,14.323,0.302,20.237,0.262,8.284,0.33,16.812,0.13
8/1/1927,13.698,0.34,19.529,0.3,7.697,0.314,16.742,0.136
9/1/1927,12.254,0.24,18.109,0.206,6.26,0.251,16.224,0.119
10/1/1927,9.887,0.2,15.627,0.205,4.02,0.268,15.435,0.112
11/1/1927,6.346,0.192,12.072,0.219,0.596,0.268,14.342,0.113
12/1/1927,3.267,0.212,8.689,0.301,-2.392,0.283,13.493,0.12
1/1/1928,3.046,0.211,8.291,0.228,-2.631,0.291,13.637,0.121
2/1/1928,3.333,0.241,9.04,0.317,-2.609,0.296,13.722,0.123
3/1/1928,4.959,0.191,10.892,0.23,-1.247,0.296,14.229,0.119
4/1/1928,8.244,0.276,14.193,0.219,2.046,0.304,15.126,0.127
5/1/1928,11.169,0.321,17.06,0.274,4.981,0.335,15.88,0.134
6/1/1928,13.113,0.238,18.856,0.254,7.045,0.265,16.355,0.119
7/1/1928,14.31,0.297,20.005,0.297,8.189,0.298,16.796,0.128
8/1/1928,13.687,0.327,19.522,0.305,7.798,0.319,16.7,0.133
9/1/1928,12.03,0.235,17.981,0.223,6.02,0.237,16.066,0.12
10/1/1928,9.486,0.193,15.387,0.19,3.549,0.214,15.232,0.112
11/1/1928,6.336,0.231,11.933,0.177,0.629,0.241,14.276,0.122
12/1/1928,3.873,0.222,9.186,0.26,-1.751,0.257,13.568,0.122
1/1/1929,2.054,0.289,7.48,0.298,-3.66,0.272,13.137,0.134
2/1/1929,2.172,0.229,7.838,0.219,-3.883,0.274,13.241,0.12
3/1/1929,5.099,0.191,10.982,0.229,-1.131,0.289,14.079,0.121
4/1/1929,8.094,0.265,14.08,0.292,1.842,0.281,14.987,0.126
5/1/1929,10.915,0.294,16.906,0.258,4.784,0.334,15.716,0.128
6/1/1929,12.928,0.232,18.65,0.26,6.908,0.291,16.328,0.117
7/1/1929,13.957,0.314,19.652,0.314,8.012,0.318,16.59,0.134
8/1/1929,13.68,0.33,19.548,0.301,7.697,0.328,16.671,0.138
9/1/1929,11.807,0.255,17.598,0.199,5.926,0.238,16.092,0.126
10/1/1929,9.46,0.195,15.217,0.182,3.686,0.226,15.248,0.113
11/1/1929,6.172,0.207,11.757,0.175,0.377,0.213,14.313,0.118
12/1/1929,2.571,0.22,7.769,0.222,-2.945,0.242,13.207,0.121
1/1/1930,2.401,0.226,7.67,0.216,-3.169,0.343,13.26,0.13
2/1/1930,3.152,0.236,8.9,0.252,-2.852,0.252,13.54,0.126
3/1/1930,5.483,0.191,11.539,0.273,-0.571,0.209,14.326,0.127
4/1/1930,8.182,0.242,14.017,0.254,2.072,0.271,15.081,0.124
5/1/1930,11.105,0.292,16.87,0.272,5.016,0.314,15.911,0.131
6/1/1930,13.347,0.231,19.071,0.264,7.295,0.309,16.473,0.122
7/1/1930,14.465,0.301,20.252,0.267,8.415,0.287,16.854,0.137
8/1/1930,13.928,0.327,19.803,0.291,7.996,0.304,16.791,0.146
9/1/1930,11.874,0.247,17.754,0.204,5.935,0.237,16.25,0.131
10/1/1930,9.261,0.187,14.941,0.205,3.587,0.25,15.355,0.121
11/1/1930,6.574,0.202,12.032,0.186,0.892,0.213,14.505,0.128
12/1/1930,3.831,0.194,9.066,0.239,-1.736,0.243,13.724,0.124
1/1/1931,2.761,0.225,8.059,0.339,-2.897,0.252,13.529,0.13
2/1/1931,2.708,0.224,8.218,0.233,-3.123,0.245,13.621,0.125
3/1/1931,5.22,0.186,11.194,0.148,-1.006,0.244,14.347,0.126
4/1/1931,8.163,0.234,14.079,0.228,2.025,0.29,15.116,0.126
5/1/1931,11.02,0.281,16.805,0.266,4.951,0.327,15.872,0.129
6/1/1931,13.573,0.24,19.419,0.222,7.489,0.256,16.63,0.126
7/1/1931,14.576,0.302,20.399,0.275,8.665,0.328,16.967,0.138
8/1/1931,14.12,0.33,19.961,0.289,8.189,0.331,16.887,0.145
9/1/1931,12.283,0.25,18.078,0.203,6.485,0.241,16.294,0.129
10/1/1931,9.937,0.197,15.718,0.167,4.073,0.245,15.448,0.125
11/1/1931,6.243,0.198,11.63,0.189,0.545,0.267,14.317,0.125
12/1/1931,4.027,0.186,9.477,0.183,-1.573,0.26,13.711,0.125
1/1/1932,3.604,0.223,9.159,0.254,-2.054,0.284,13.687,0.131
2/1/1932,2.989,0.221,8.797,0.216,-3.23,0.206,13.658,0.124
3/1/1932,4.94,0.204,10.934,0.169,-1.164,0.237,14.252,0.129
4/1/1932,8.769,0.263,14.644,0.223,2.599,0.271,15.335,0.129
5/1/1932,11.239,0.3,16.865,0.253,5.225,0.338,16.018,0.132
6/1/1932,13.383,0.257,19.114,0.219,7.258,0.251,16.504,0.126
7/1/1932,14.372,0.306,20.093,0.286,8.416,0.339,16.846,0.138
8/1/1932,13.74,0.331,19.5,0.277,7.917,0.331,16.68,0.143
9/1/1932,12.31,0.268,18.216,0.213,6.34,0.226,16.263,0.133
10/1/1932,9.682,0.232,15.424,0.16,3.9,0.243,15.28,0.123
11/1/1932,5.908,0.186,11.551,0.204,0.014,0.278,14.175,0.122
12/1/1932,3.527,0.196,8.888,0.215,-2.071,0.271,13.558,0.123
1/1/1933,2.169,0.226,7.379,0.207,-3.453,0.277,13.26,0.129
2/1/1933,2.657,0.21,8.351,0.305,-3.318,0.299,13.506,0.12
3/1/1933,4.869,0.185,10.774,0.192,-1.27,0.307,14.131,0.12
4/1/1933,8.125,0.272,14.046,0.263,2.003,0.286,15.043,0.13
5/1/1933,11.047,0.288,16.845,0.267,4.988,0.297,15.823,0.134
6/1/1933,13.11,0.241,19.036,0.25,7.001,0.313,16.337,0.126
7/1/1933,14.236,0.3,20.037,0.282,8.295,0.291,16.704,0.136
8/1/1933,13.76,0.321,19.635,0.296,7.858,0.321,16.701,0.138
9/1/1933,11.854,0.244,17.631,0.202,6.055,0.259,16.024,0.129
10/1/1933,9.238,0.232,15.172,0.17,3.374,0.247,15.143,0.125
11/1/1933,5.89,0.201,11.578,0.227,0.093,0.248,14.131,0.118
12/1/1933,3.104,0.192,8.456,0.23,-2.533,0.23,13.352,0.12
1/1/1934,2.476,0.231,7.995,0.219,-3.131,0.272,13.276,0.124
2/1/1934,3.699,0.251,9.504,0.237,-2.191,0.356,13.701,0.125
3/1/1934,4.818,0.201,10.835,0.193,-1.382,0.223,14.072,0.122
4/1/1934,8.016,0.259,13.996,0.24,1.853,0.294,15.02,0.128
5/1/1934,11.478,0.276,17.533,0.273,5.26,0.307,15.951,0.127
6/1/1934,13.402,0.24,19.183,0.25,7.422,0.274,16.578,0.121
7/1/1934,14.343,0.296,20.14,0.288,8.472,0.317,16.851,0.134
8/1/1934,13.778,0.322,19.534,0.289,8.01,0.337,16.74,0.141
9/1/1934,11.727,0.238,17.505,0.221,5.899,0.261,16.128,0.122
10/1/1934,9.421,0.192,15.371,0.181,3.629,0.213,15.332,0.118
11/1/1934,6.397,0.182,11.736,0.179,0.978,0.235,14.412,0.113
12/1/1934,3.985,0.193,9.279,0.239,-1.62,0.221,13.673,0.118
1/1/1935,2.175,0.204,7.737,0.22,-3.618,0.25,13.299,0.121
2/1/1935,4.125,0.217,9.944,0.213,-1.717,0.245,13.857,0.119
3/1/1935,5.399,0.187,11.343,0.203,-0.802,0.197,14.269,0.115
4/1/1935,7.771,0.256,13.81,0.249,1.551,0.271,15.013,0.126
5/1/1935,10.906,0.277,16.88,0.258,4.755,0.31,15.848,0.128
6/1/1935,13.326,0.23,19.1,0.227,7.193,0.247,16.504,0.122
7/1/1935,14.331,0.292,20.173,0.307,8.438,0.302,16.848,0.131
8/1/1935,13.775,0.332,19.657,0.303,7.831,0.327,16.715,0.139
9/1/1935,11.999,0.239,17.896,0.207,6.042,0.25,16.143,0.12
10/1/1935,9.516,0.198,15.379,0.174,3.7,0.235,15.311,0.114
11/1/1935,5.443,0.191,10.849,0.201,-0.23,0.246,14.069,0.115
12/1/1935,3.423,0.208,8.675,0.235,-2.09,0.282,13.55,0.118
1/1/1936,2.249,0.221,7.806,0.203,-3.53,0.237,13.26,0.115
2/1/1936,2.506,0.236,8.253,0.291,-3.458,0.251,13.533,0.118
3/1/1936,5.031,0.194,11.032,0.197,-1.154,0.218,14.206,0.116
4/1/1936,8.127,0.258,14.082,0.25,1.976,0.246,15.089,0.122
5/1/1936,11.251,0.279,17.076,0.28,5.23,0.305,15.935,0.125
6/1/1936,13.363,0.243,19.171,0.238,7.288,0.281,16.524,0.116
7/1/1936,14.629,0.299,20.443,0.281,8.704,0.293,16.928,0.13
8/1/1936,13.86,0.325,19.691,0.287,7.929,0.317,16.811,0.134
9/1/1936,12.021,0.246,17.91,0.213,6.064,0.224,16.191,0.121
10/1/1936,9.457,0.22,15.316,0.21,3.658,0.233,15.412,0.116
11/1/1936,6.233,0.188,11.814,0.203,0.407,0.215,14.338,0.113
12/1/1936,3.921,0.208,9.181,0.216,-1.441,0.251,13.767,0.118
1/1/1937,2.453,0.196,7.879,0.237,-3.216,0.259,13.417,0.116
2/1/1937,3.553,0.22,9.237,0.261,-2.387,0.216,13.904,0.116
3/1/1937,4.851,0.219,10.731,0.199,-1.413,0.237,14.276,0.119
4/1/1937,8.14,0.242,14.025,0.253,2.001,0.28,15.228,0.117
5/1/1937,11.422,0.288,17.358,0.267,5.169,0.296,16.051,0.125
6/1/1937,13.603,0.236,19.558,0.229,7.454,0.248,16.679,0.116
7/1/1937,14.375,0.298,20.154,0.271,8.41,0.283,17.054,0.128
8/1/1937,14.007,0.325,19.85,0.322,8.145,0.293,16.941,0.135
9/1/1937,12.413,0.247,18.377,0.24,6.419,0.22,16.402,0.124
10/1/1937,9.729,0.2,15.635,0.212,4.002,0.241,15.523,0.113
11/1/1937,6.356,0.199,11.913,0.219,0.612,0.221,14.447,0.113
12/1/1937,3.478,0.211,8.999,0.237,-2.196,0.284,13.684,0.118
1/1/1938,2.91,0.194,8.416,0.217,-2.597,0.272,13.596,0.111
2/1/1938,3.417,0.225,9.138,0.258,-2.518,0.246,13.827,0.112
3/1/1938,5.651,0.192,11.616,0.173,-0.431,0.208,14.491,0.111
4/1/1938,8.913,0.249,14.984,0.239,2.968,0.247,15.363,0.119
5/1/1938,11.456,0.297,17.429,0.283,5.427,0.312,16.001,0.129
6/1/1938,13.321,0.238,18.989,0.219,7.418,0.258,16.607,0.117
7/1/1938,14.482,0.295,20.249,0.291,8.612,0.312,16.871,0.127
8/1/1938,13.963,0.325,19.85,0.306,8.097,0.33,16.904,0.132
9/1/1938,12.427,0.249,18.311,0.208,6.468,0.244,16.367,0.122
10/1/1938,9.784,0.194,15.734,0.165,3.984,0.247,15.526,0.113
11/1/1938,6.53,0.215,12.161,0.204,0.969,0.26,14.408,0.114
12/1/1938,3.51,0.213,8.922,0.248,-2.001,0.289,13.556,0.116
1/1/1939,2.932,0.198,8.53,0.266,-2.771,0.236,13.538,0.114
2/1/1939,3.232,0.201,9.048,0.225,-2.535,0.224,13.757,0.112
3/1/1939,4.926,0.196,10.836,0.187,-1.1,0.216,14.273,0.113
4/1/1939,8.328,0.252,14.44,0.234,2.271,0.252,15.296,0.119
5/1/1939,11.524,0.298,17.489,0.277,5.362,0.291,16.174,0.128
6/1/1939,13.531,0.256,19.47,0.238,7.51,0.266,16.712,0.119
7/1/1939,14.395,0.291,20.26,0.296,8.617,0.339,16.988,0.127
8/1/1939,13.932,0.324,19.807,0.304,8.011,0.323,16.892,0.139
9/1/1939,11.958,0.247,17.922,0.203,5.907,0.261,16.3,0.126
10/1/1939,9.218,0.185,14.963,0.179,3.479,0.212,15.232,0.122
11/1/1939,6.189,0.194,11.742,0.209,0.555,0.243,14.379,0.116
12/1/1939,4.959,0.206,10.629,0.254,-0.738,0.263,14.087,0.112
1/1/1940,2.335,0.2,7.942,0.219,-3.35,0.256,13.576,0.12
2/1/1940,3.423,0.204,9.25,0.242,-2.488,0.243,13.932,0.116
3/1/1940,5.424,0.18,11.402,0.174,-0.622,0.198,14.48,0.115
4/1/1940,8.756,0.247,14.793,0.252,2.722,0.258,15.452,0.125
5/1/1940,11.338,0.296,17.273,0.269,5.202,0.328,16.08,0.132
6/1/1940,13.583,0.231,19.501,0.212,7.532,0.247,16.725,0.119
7/1/1940,14.571,0.295,20.408,0.27,8.51,0.302,17.123,0.132
8/1/1940,13.811,0.323,19.662,0.29,7.937,0.313,16.946,0.134
9/1/1940,12.268,0.234,18.186,0.212,6.377,0.23,16.43,0.126
10/1/1940,9.457,0.187,15.273,0.222,3.762,0.235,15.384,0.118
11/1/1940,6.076,0.186,11.667,0.231,0.52,0.222,14.377,0.12
12/1/1940,4.134,0.19,9.592,0.226,-1.418,0.218,13.96,0.117
1/1/1941,2.735,0.199,8.348,0.207,-3.01,0.214,13.622,0.111
2/1/1941,3.67,0.202,9.439,0.247,-2.234,0.226,13.946,0.109
3/1/1941,5.213,0.186,11.152,0.201,-0.901,0.209,14.425,0.104
4/1/1941,8.575,0.24,14.429,0.24,2.616,0.257,15.407,0.114
5/1/1941,11.493,0.282,17.259,0.261,5.582,0.298,16.152,0.122
6/1/1941,13.63,0.232,19.447,0.218,7.696,0.255,16.753,0.112
7/1/1941,14.694,0.291,20.578,0.262,8.739,0.291,17.131,0.122
8/1/1941,14.028,0.322,19.853,0.294,8.134,0.33,16.915,0.126
9/1/1941,11.816,0.232,17.813,0.214,5.973,0.315,16.19,0.112
10/1/1941,9.71,0.175,15.504,0.18,3.988,0.252,15.629,0.107
11/1/1941,5.953,0.181,11.536,0.207,0.265,0.235,14.475,0.11
12/1/1941,3.707,0.192,9.076,0.23,-1.87,0.285,13.971,0.142
1/1/1942,3.103,0.221,8.715,0.212,-2.609,0.282,13.821,0.13
2/1/1942,2.857,0.204,8.544,0.249,-2.883,0.27,13.773,0.123
3/1/1942,5.308,0.186,11.264,0.188,-0.771,0.22,14.538,0.124
4/1/1942,8.416,0.238,14.453,0.243,2.401,0.312,15.307,0.131
5/1/1942,11.338,0.281,17.196,0.277,5.398,0.321,16.147,0.142
6/1/1942,13.578,0.22,19.417,0.229,7.721,0.296,16.729,0.127
7/1/1942,14.242,0.293,20.107,0.273,8.516,0.315,16.902,0.141
8/1/1942,13.786,0.318,19.603,0.309,8.042,0.317,16.766,0.147
9/1/1942,12.146,0.233,18.143,0.231,6.151,0.247,16.265,0.142
10/1/1942,9.627,0.186,15.452,0.199,3.864,0.229,15.358,0.134
11/1/1942,6.395,0.184,12.149,0.198,0.685,0.295,14.426,0.126
12/1/1942,3.945,0.19,9.368,0.256,-1.474,0.235,13.872,0.13
1/1/1943,2.396,0.195,8.017,0.218,-3.283,0.216,13.522,0.136
2/1/1943,3.513,0.199,9.468,0.226,-2.37,0.232,13.939,0.126
3/1/1943,5.138,0.184,11.123,0.195,-0.812,0.193,14.371,0.127
4/1/1943,8.638,0.243,14.654,0.218,2.719,0.253,15.335,0.137
5/1/1943,11.485,0.277,17.401,0.253,5.523,0.315,16.123,0.143
6/1/1943,13.161,0.23,19.036,0.226,7.314,0.216,16.596,0.132
7/1/1943,14.46,0.3,20.394,0.266,8.503,0.32,16.95,0.143
8/1/1943,13.774,0.313,19.68,0.282,7.986,0.305,16.912,0.145
9/1/1943,12.096,0.227,18.029,0.22,6.325,0.213,16.285,0.129
10/1/1943,9.907,0.176,15.859,0.19,4.068,0.205,15.62,0.129
11/1/1943,6.26,0.188,11.87,0.222,0.592,0.229,14.53,0.128
12/1/1943,4.233,0.187,9.705,0.195,-1.326,0.245,13.957,0.129
1/1/1944,3.504,0.185,9.037,0.209,-1.929,0.225,13.819,0.117
2/1/1944,3.591,0.222,9.407,0.206,-2.123,0.261,14.023,0.121
3/1/1944,5.531,0.205,11.517,0.174,-0.4,0.232,14.632,0.122
4/1/1944,8.434,0.243,14.577,0.22,2.337,0.252,15.432,0.129
5/1/1944,11.334,0.275,17.483,0.257,5.328,0.297,16.212,0.135
6/1/1944,13.478,0.222,19.508,0.249,7.491,0.228,16.772,0.125
7/1/1944,14.468,0.284,20.493,0.276,8.652,0.282,17.119,0.137
8/1/1944,14.017,0.308,20.108,0.282,8.076,0.3,17.117,0.142
9/1/1944,12.45,0.229,18.453,0.197,6.614,0.212,16.472,0.13
10/1/1944,9.808,0.17,15.732,0.17,4.032,0.208,15.623,0.123
11/1/1944,6.091,0.178,11.515,0.217,0.607,0.237,14.401,0.125
12/1/1944,3.434,0.181,8.896,0.268,-1.969,0.216,13.767,0.127
1/1/1945,2.525,0.186,8.127,0.184,-2.907,0.229,13.586,0.122
2/1/1945,2.646,0.194,8.373,0.192,-3.044,0.25,13.747,0.125
3/1/1945,5.184,0.171,11.182,0.147,-0.898,0.244,14.462,0.124
4/1/1945,8.681,0.236,14.727,0.239,2.601,0.278,15.431,0.131
5/1/1945,11.097,0.269,17.214,0.297,5.008,0.306,16.064,0.142
6/1/1945,13.328,0.231,19.407,0.225,7.366,0.22,16.661,0.131
7/1/1945,14.213,0.287,20.142,0.271,8.352,0.273,16.911,0.145
8/1/1945,14.313,0.317,20.189,0.284,8.413,0.313,17.106,0.149
9/1/1945,12.225,0.227,18.078,0.205,6.414,0.296,16.358,0.133
10/1/1945,9.575,0.171,15.458,0.165,3.83,0.271,15.574,0.119
11/1/1945,6.073,0.172,11.697,0.179,0.47,0.224,14.453,0.121
12/1/1945,3.158,0.183,8.671,0.19,-2.337,0.224,13.616,0.122
1/1/1946,2.979,0.188,8.484,0.188,-2.547,0.257,13.638,0.129
2/1/1946,3.461,0.206,9.259,0.177,-2.389,0.232,13.816,0.128
3/1/1946,5.236,0.171,11.244,0.166,-0.839,0.216,14.514,0.125
4/1/1946,8.837,0.223,14.909,0.228,2.711,0.247,15.441,0.127
5/1/1946,11.355,0.273,17.275,0.246,5.323,0.309,15.994,0.143
6/1/1946,13.298,0.237,19.086,0.215,7.197,0.23,16.513,0.137
7/1/1946,14.409,0.289,20.265,0.274,8.427,0.281,16.944,0.139
8/1/1946,13.834,0.319,19.783,0.286,7.998,0.301,16.717,0.143
9/1/1946,12.064,0.233,17.921,0.202,6.264,0.235,16.252,0.143
10/1/1946,9.281,0.17,15.175,0.17,3.577,0.258,15.437,0.13
11/1/1946,6.235,0.179,11.863,0.193,0.555,0.236,14.359,0.12
12/1/1946,3.134,0.181,8.514,0.233,-2.31,0.253,13.528,0.125
1/1/1947,2.597,0.184,8.109,0.194,-2.992,0.238,13.532,0.125
2/1/1947,3.277,0.191,9.045,0.192,-2.668,0.258,13.832,0.116
3/1/1947,5.801,0.183,11.8,0.194,-0.367,0.238,14.54,0.124
4/1/1947,8.686,0.227,14.734,0.236,2.738,0.25,15.373,0.128
5/1/1947,11.329,0.266,17.266,0.264,5.263,0.298,16.089,0.135
6/1/1947,13.459,0.216,19.361,0.206,7.452,0.209,16.701,0.126
7/1/1947,14.349,0.284,20.126,0.267,8.35,0.288,16.973,0.138
8/1/1947,13.827,0.305,19.541,0.278,8.002,0.295,16.804,0.136
9/1/1947,12.166,0.221,17.959,0.187,6.355,0.216,16.261,0.131
10/1/1947,10.011,0.164,15.797,0.164,4.313,0.201,15.49,0.13
11/1/1947,6.407,0.187,11.926,0.21,0.913,0.249,14.435,0.128
12/1/1947,3.656,0.177,9.086,0.22,-1.784,0.237,13.692,0.128
1/1/1948,3.366,0.18,9.136,0.186,-2.352,0.193,13.666,0.119
2/1/1948,3.22,0.198,9.034,0.212,-2.613,0.231,13.692,0.123
3/1/1948,4.919,0.161,10.852,0.222,-1.039,0.196,14.284,0.125
4/1/1948,8.499,0.215,14.384,0.239,2.617,0.261,15.266,0.127
5/1/1948,11.537,0.257,17.592,0.266,5.515,0.289,16.173,0.135
6/1/1948,13.664,0.214,19.614,0.217,7.585,0.212,16.742,0.129
7/1/1948,14.445,0.276,20.334,0.28,8.625,0.281,16.938,0.141
8/1/1948,13.896,0.298,19.87,0.298,7.965,0.295,16.902,0.136
9/1/1948,12.155,0.22,18.217,0.216,6.209,0.226,16.243,0.127
10/1/1948,9.584,0.167,15.52,0.17,3.812,0.207,15.389,0.123
11/1/1948,6.185,0.162,11.853,0.251,0.691,0.249,14.299,0.131
12/1/1948,3.491,0.167,8.981,0.242,-2.03,0.211,13.54,0.126
1/1/1949,3.219,0.17,8.837,0.175,-2.428,0.213,13.704,0.101
2/1/1949,2.759,0.185,8.518,0.191,-3.003,0.262,13.686,0.101
3/1/1949,5.077,0.177,10.981,0.153,-0.773,0.215,14.322,0.102
4/1/1949,8.344,0.226,14.41,0.222,2.364,0.266,15.312,0.109
5/1/1949,11.309,0.255,17.196,0.261,5.444,0.282,16.063,0.117
6/1/1949,13.223,0.209,19.064,0.256,7.389,0.224,16.467,0.107
7/1/1949,14.199,0.27,20.128,0.286,8.297,0.284,16.807,0.12
8/1/1949,13.826,0.295,19.77,0.296,8.004,0.29,16.796,0.123
9/1/1949,11.957,0.212,17.969,0.205,6.052,0.21,16.177,0.107
10/1/1949,9.531,0.158,15.439,0.187,3.719,0.199,15.375,0.101
11/1/1949,6.148,0.164,11.821,0.207,0.453,0.224,14.331,0.099
12/1/1949,3.449,0.178,8.843,0.209,-1.892,0.237,13.633,0.102
1/1/1950,2.008,0.173,7.611,0.207,-3.622,0.236,13.311,0.095
2/1/1950,2.721,0.182,8.475,0.209,-3.013,0.217,13.554,0.101
3/1/1950,5.247,0.15,11.173,0.158,-0.693,0.2,14.296,0.097
4/1/1950,8.123,0.192,14.157,0.216,2.043,0.28,15.093,0.102
5/1/1950,11.297,0.217,17.252,0.259,5.421,0.286,16.033,0.106
6/1/1950,13.382,0.196,19.29,0.232,7.501,0.224,16.66,0.105
7/1/1950,14.14,0.239,19.882,0.275,8.417,0.291,16.981,0.115
8/1/1950,13.46,0.228,19.39,0.267,7.729,0.26,16.731,0.108
9/1/1950,11.952,0.204,17.737,0.209,6.205,0.215,16.124,0.106
10/1/1950,9.153,0.164,14.918,0.159,3.452,0.193,15.245,0.103
11/1/1950,5.372,0.139,11.077,0.186,-0.426,0.19,14.06,0.093
12/1/1950,3.528,0.152,9.123,0.205,-2.071,0.201,13.586,0.097
1/1/1951,2.138,0.132,7.77,0.179,-3.521,0.179,13.341,0.09
2/1/1951,2.332,0.149,8.163,0.229,-3.661,0.155,13.488,0.093
3/1/1951,5.091,0.141,11.074,0.159,-1.087,0.173,14.278,0.092
4/1/1951,8.367,0.175,14.538,0.184,2.191,0.208,15.198,0.095
5/1/1951,11.438,0.23,17.371,0.24,5.376,0.262,16.158,0.112
6/1/1951,13.25,0.238,19.16,0.214,7.312,0.192,16.768,0.106
7/1/1951,14.324,0.24,20.225,0.232,8.416,0.252,17.046,0.11
8/1/1951,14.021,0.251,19.81,0.28,8.033,0.3,17.081,0.11
9/1/1951,12.324,0.216,18.362,0.197,6.427,0.219,16.43,0.101
10/1/1951,9.67,0.123,15.149,0.125,4.047,0.161,15.529,0.094
11/1/1951,6.225,0.161,11.752,0.186,0.457,0.17,14.422,0.093
12/1/1951,4.328,0.154,9.788,0.201,-1.162,0.21,13.995,0.091
1/1/1952,3.049,0.144,8.656,0.174,-2.579,0.193,13.762,0.089
2/1/1952,3.396,0.18,9.113,0.196,-2.425,0.199,14.009,0.093
3/1/1952,4.967,0.168,10.96,0.178,-1.193,0.194,14.373,0.093
4/1/1952,8.461,0.225,14.565,0.225,2.445,0.232,15.363,0.103
5/1/1952,11.352,0.264,17.289,0.254,5.394,0.274,16.129,0.115
6/1/1952,13.442,0.218,19.426,0.242,7.626,0.219,16.751,0.104
7/1/1952,14.549,0.276,20.416,0.259,8.754,0.282,17.068,0.118
8/1/1952,13.964,0.302,19.753,0.28,8.161,0.296,16.952,0.118
9/1/1952,12.238,0.22,18.109,0.202,6.379,0.213,16.395,0.104
10/1/1952,9.157,0.166,15.032,0.165,3.294,0.19,15.434,0.096
11/1/1952,5.425,0.168,11.017,0.182,-0.164,0.184,14.334,0.093
12/1/1952,3.659,0.174,9.215,0.19,-1.85,0.193,13.787,0.094
1/1/1953,2.964,0.166,8.541,0.186,-2.629,0.201,13.642,0.092
2/1/1953,3.629,0.187,9.51,0.19,-2.182,0.189,14.02,0.094
3/1/1953,5.712,0.161,11.677,0.164,-0.22,0.183,14.561,0.093
4/1/1953,8.892,0.228,14.813,0.212,2.913,0.254,15.518,0.103
5/1/1953,11.514,0.264,17.358,0.252,5.53,0.287,16.266,0.114
6/1/1953,13.612,0.216,19.461,0.204,7.749,0.202,16.89,0.105
7/1/1953,14.392,0.284,20.254,0.261,8.565,0.274,17.088,0.118
8/1/1953,14.059,0.305,19.803,0.274,8.25,0.28,16.985,0.119
9/1/1953,12.199,0.223,18.145,0.188,6.288,0.215,16.418,0.105
10/1/1953,9.59,0.161,15.367,0.151,3.908,0.197,15.471,0.094
11/1/1953,5.924,0.168,11.376,0.164,0.419,0.21,14.332,0.095
12/1/1953,3.998,0.182,9.366,0.183,-1.299,0.214,13.862,0.095
1/1/1954,2.059,0.148,7.673,0.179,-3.581,0.201,13.38,0.089
2/1/1954,3.084,0.182,8.863,0.195,-2.674,0.196,13.783,0.093
3/1/1954,5.148,0.18,11.148,0.137,-0.865,0.201,14.385,0.094
4/1/1954,8.158,0.218,13.973,0.222,2.424,0.195,15.226,0.102
5/1/1954,10.988,0.217,16.784,0.209,5.196,0.219,15.971,0.102
6/1/1954,13.4,0.187,19.213,0.226,7.62,0.177,16.609,0.096
7/1/1954,14.241,0.228,20.015,0.223,8.543,0.221,16.851,0.104
8/1/1954,13.868,0.248,19.588,0.214,8.184,0.23,16.816,0.103
9/1/1954,12.098,0.204,17.852,0.226,6.368,0.176,16.223,0.099
10/1/1954,9.546,0.144,15.26,0.14,3.902,0.153,15.423,0.088
11/1/1954,6.579,0.143,12.155,0.14,1.046,0.156,14.48,0.086
12/1/1954,3.559,0.147,8.915,0.185,-1.773,0.176,13.62,0.088
1/1/1955,3.412,0.152,8.914,0.135,-2.028,0.146,13.717,0.086
2/1/1955,3.137,0.141,8.966,0.153,-2.71,0.176,13.718,0.087
3/1/1955,4.585,0.121,10.377,0.139,-1.427,0.144,14.179,0.083
4/1/1955,8.136,0.16,13.914,0.2,2.223,0.179,15.119,0.091
5/1/1955,11.192,0.209,17.11,0.226,5.504,0.218,15.882,0.1
6/1/1955,13.56,0.148,19.218,0.184,7.735,0.165,16.555,0.087
7/1/1955,14.242,0.177,19.959,0.213,8.579,0.224,16.809,0.093
8/1/1955,14.283,0.216,19.857,0.25,8.303,0.242,16.899,0.098
9/1/1955,11.954,0.162,17.859,0.15,6.405,0.179,16.148,0.089
10/1/1955,9.735,0.107,15.446,0.137,3.923,0.187,15.333,0.082
11/1/1955,5.973,0.135,11.527,0.184,0.084,0.208,14.211,0.081
12/1/1955,3.306,0.115,8.802,0.184,-2.254,0.186,13.522,0.08
1/1/1956,2.466,0.099,7.909,0.171,-3.055,0.179,13.444,0.075
2/1/1956,2.781,0.168,8.555,0.181,-3.131,0.212,13.626,0.086
3/1/1956,4.889,0.109,10.836,0.108,-1.028,0.155,14.231,0.074
4/1/1956,7.922,0.144,13.848,0.165,2.043,0.219,15.029,0.082
5/1/1956,10.721,0.195,16.734,0.202,5.083,0.236,15.823,0.094
6/1/1956,13.16,0.089,18.939,0.204,7.309,0.194,16.472,0.078
7/1/1956,14.18,0.093,19.952,0.115,8.603,0.127,16.83,0.082
8/1/1956,13.189,0.082,18.967,0.116,7.513,0.226,16.605,0.075
9/1/1956,11.783,0.135,17.501,0.171,5.872,0.217,16.088,0.081
10/1/1956,8.928,0.093,14.667,0.153,3.173,0.182,15.159,0.075
11/1/1956,5.738,0.134,11.414,0.196,0.134,0.266,14.261,0.078
12/1/1956,3.598,0.109,8.962,0.16,-1.775,0.229,13.704,0.076
1/1/1957,2.488,0.1,8.005,0.13,-2.97,0.106,13.473,0.073
2/1/1957,3.12,0.108,8.708,0.116,-2.51,0.23,13.804,0.074
3/1/1957,5.036,0.085,10.986,0.099,-0.916,0.189,14.381,0.07
4/1/1957,8.366,0.187,14.094,0.09,2.426,0.265,15.324,0.087
5/1/1957,11.259,0.138,17.054,0.082,5.43,0.208,16.216,0.084
6/1/1957,13.783,0.193,19.473,0.162,7.811,0.152,16.878,0.091
7/1/1957,14.129,0.204,19.828,0.098,8.382,0.072,17.034,0.095
8/1/1957,14.082,0.252,19.792,0.212,8.263,0.19,17.049,0.101
9/1/1957,12.312,0.301,18.065,0.115,6.407,0.104,16.38,0.112
10/1/1957,9.496,0.137,15.049,0.127,3.801,0.151,15.463,0.081
11/1/1957,6.391,0.104,11.849,0.156,0.831,0.132,14.516,0.073
12/1/1957,4.328,0.087,9.68,0.058,-0.943,0.07,13.971,0.072
1/1/1958,3.574,0.114,8.977,0.063,-1.772,0.202,13.881,0.075
2/1/1958,3.695,0.173,9.546,0.234,-1.949,0.188,14.071,0.082
3/1/1958,5.453,0.084,11.321,0.173,-0.549,0.202,14.547,0.069
4/1/1958,8.52,0.103,14.392,0.157,2.57,0.083,15.359,0.073
5/1/1958,11.519,0.089,17.355,0.185,5.625,0.286,16.18,0.073
6/1/1958,13.187,0.106,19.028,0.177,7.427,0.14,16.619,0.074
7/1/1958,14.438,0.199,20.121,0.212,8.839,0.305,17.039,0.093
8/1/1958,13.597,0.082,19.399,0.145,8.048,0.103,16.832,0.07
9/1/1958,11.845,0.072,17.549,0.15,6.204,0.126,16.284,0.074
10/1/1958,9.375,0.092,15.094,0.105,3.742,0.197,15.437,0.074
11/1/1958,6.26,0.06,11.718,0.12,0.746,0.121,14.507,0.067
12/1/1958,3.822,0.078,9.23,0.211,-1.557,0.118,13.829,0.07
1/1/1959,2.959,0.077,8.39,0.145,-2.406,0.154,13.636,0.069
2/1/1959,3.33,0.126,9.004,0.136,-2.225,0.129,13.873,0.072
3/1/1959,5.854,0.199,11.728,0.157,-0.071,0.125,14.612,0.088
4/1/1959,8.819,0.179,14.752,0.27,2.807,0.201,15.439,0.082
5/1/1959,11.323,0.062,17.164,0.139,5.536,0.172,16.122,0.071
6/1/1959,13.577,0.063,19.379,0.186,7.748,0.12,16.776,0.07
7/1/1959,14.449,0.131,20.236,0.098,8.854,0.131,17.002,0.082
8/1/1959,13.853,0.084,19.532,0.135,8.321,0.081,16.908,0.068
9/1/1959,11.946,0.118,17.663,0.132,6.344,0.149,16.278,0.074
10/1/1959,9.16,0.115,14.767,0.076,3.586,0.233,15.405,0.076
11/1/1959,5.752,0.077,11.261,0.169,0.302,0.119,14.272,0.068
12/1/1959,3.77,0.055,9.122,0.158,-1.493,0.176,13.763,0.067
1/1/1960,2.713,0.086,8.222,0.113,-2.623,0.085,13.553,0.067
2/1/1960,3.798,0.125,9.748,0.081,-1.92,0.274,13.956,0.07
3/1/1960,4.303,0.077,10.216,0.092,-1.677,0.084,14.145,0.066
4/1/1960,8.133,0.088,13.955,0.137,2.229,0.104,15.19,0.066
5/1/1960,10.872,0.156,16.71,0.256,5.044,0.235,15.956,0.079
6/1/1960,13.484,0.08,19.306,0.227,7.729,0.105,16.67,0.071
7/1/1960,14.198,0.072,19.884,0.125,8.492,0.094,16.985,0.07
8/1/1960,13.825,0.079,19.604,0.177,8.242,0.165,16.969,0.069
9/1/1960,12.095,0.099,17.856,0.226,6.498,0.146,16.382,0.069
10/1/1960,9.497,0.063,15.235,0.089,3.8,0.118,15.456,0.068
11/1/1960,5.828,0.141,11.433,0.126,0.355,0.149,14.313,0.073
12/1/1960,4.259,0.056,9.64,0.144,-0.978,0.092,13.928,0.064
1/1/1961,2.926,0.089,8.38,0.176,-2.383,0.129,13.664,0.064
2/1/1961,3.683,0.125,9.299,0.156,-1.895,0.145,14.058,0.067
3/1/1961,5.589,0.049,11.478,0.119,-0.271,0.121,14.609,0.062
4/1/1961,8.631,0.116,14.497,0.162,2.817,0.153,15.444,0.068
5/1/1961,11.624,0.104,17.592,0.319,5.729,0.227,16.241,0.071
6/1/1961,13.702,0.154,19.598,0.239,7.796,0.286,16.81,0.079
7/1/1961,14.288,0.079,20.014,0.184,8.664,0.186,16.987,0.071
8/1/1961,13.849,0.142,19.606,0.179,8.23,0.259,16.917,0.072
9/1/1961,12.247,0.069,17.987,0.121,6.525,0.143,16.309,0.063
10/1/1961,9.328,0.138,15.057,0.136,3.508,0.313,15.401,0.071
11/1/1961,6.205,0.06,11.655,0.093,0.74,0.134,14.437,0.059
12/1/1961,3.5,0.039,9.016,0.105,-1.915,0.085,13.682,0.059
1/1/1962,3.003,0.075,8.657,0.094,-2.509,0.083,13.655,0.06
2/1/1962,3.696,0.064,9.547,0.099,-2.045,0.216,14.003,0.059
3/1/1962,5.53,0.128,11.537,0.159,-0.416,0.218,14.522,0.069
4/1/1962,8.54,0.178,14.473,0.138,2.576,0.23,15.353,0.076
5/1/1962,11.128,0.062,17.04,0.152,5.195,0.131,16.041,0.068
6/1/1962,13.427,0.267,19.35,0.272,7.456,0.371,16.679,0.099
7/1/1962,14.205,0.074,20.054,0.143,8.451,0.077,16.952,0.068
8/1/1962,13.713,0.103,19.553,0.153,7.941,0.128,16.83,0.065
9/1/1962,12.018,0.255,17.845,0.159,6.313,0.313,16.246,0.094
10/1/1962,9.468,0.202,15.226,0.198,3.774,0.323,15.429,0.084
11/1/1962,6.283,0.119,11.775,0.142,0.797,0.207,14.421,0.067
12/1/1962,3.94,0.068,9.425,0.198,-1.43,0.156,13.776,0.061
1/1/1963,2.901,0.08,8.671,0.143,-2.679,0.122,13.594,0.063
2/1/1963,4.02,0.108,9.95,0.096,-1.685,0.115,14.014,0.064
3/1/1963,5.097,0.102,11.043,0.101,-0.895,0.226,14.357,0.063
4/1/1963,8.173,0.058,13.914,0.149,2.35,0.1,15.216,0.059
5/1/1963,11.045,0.102,16.819,0.252,5.234,0.295,16.05,0.069
6/1/1963,13.412,0.097,19.276,0.124,7.604,0.15,16.675,0.068
7/1/1963,14.506,0.098,20.229,0.104,8.797,0.243,17.089,0.077
8/1/1963,14.309,0.061,20.009,0.218,8.471,0.25,17.061,0.07
9/1/1963,12.555,0.126,18.306,0.182,6.724,0.347,16.48,0.075
10/1/1963,9.943,0.099,15.716,0.165,4.326,0.109,15.587,0.074
11/1/1963,6.561,0.095,12.068,0.205,1.31,0.161,14.58,0.07
12/1/1963,3.75,0.082,9.346,0.094,-1.666,0.071,13.817,0.068
1/1/1964,2.881,0.171,8.384,0.079,-2.549,0.161,13.595,0.076
2/1/1964,3.028,0.116,8.791,0.078,-2.613,0.161,13.73,0.064
3/1/1964,4.865,0.076,10.97,0.123,-1.152,0.183,14.256,0.062
4/1/1964,7.922,0.077,13.794,0.125,2.152,0.145,15.062,0.063
5/1/1964,10.905,0.084,16.801,0.221,5.202,0.139,15.856,0.066
6/1/1964,13.459,0.068,19.275,0.161,7.536,0.24,16.591,0.064
7/1/1964,14.301,0.125,20.065,0.196,8.572,0.15,16.784,0.073
8/1/1964,13.678,0.178,19.386,0.241,8.05,0.305,16.634,0.078
9/1/1964,11.604,0.065,17.394,0.173,6.11,0.142,16.002,0.06
10/1/1964,8.832,0.063,14.654,0.191,3.218,0.097,15.171,0.061
11/1/1964,5.983,0.041,11.609,0.14,0.483,0.082,14.202,0.056
12/1/1964,3.458,0.046,8.759,0.148,-1.783,0.079,13.522,0.059
1/1/1965,2.862,0.069,8.418,0.107,-2.526,0.133,13.545,0.061
2/1/1965,3.036,0.084,8.907,0.078,-2.822,0.187,13.698,0.061
3/1/1965,5.182,0.125,11.22,0.146,-0.735,0.224,14.285,0.068
4/1/1965,7.99,0.078,13.841,0.14,2.168,0.123,15.095,0.061
5/1/1965,11.222,0.174,17.168,0.32,5.262,0.456,16.007,0.079
6/1/1965,13.308,0.223,19.126,0.518,7.483,0.336,16.532,0.087
7/1/1965,14.078,0.139,19.869,0.242,8.376,0.348,16.762,0.076
8/1/1965,13.807,0.086,19.583,0.097,8.184,0.102,16.803,0.065
9/1/1965,11.73,0.083,17.407,0.168,6.096,0.132,16.154,0.064
10/1/1965,9.488,0.07,15.11,0.105,3.8,0.09,15.406,0.063
11/1/1965,5.86,0.076,11.337,0.184,0.354,0.145,14.287,0.06
12/1/1965,3.766,0.099,9.235,0.109,-1.543,0.066,13.775,0.062
1/1/1966,2.49,0.059,8.049,0.069,-3.041,0.098,13.495,0.057
2/1/1966,3.29,0.111,9.005,0.132,-2.421,0.151,13.81,0.062
3/1/1966,5.527,0.125,11.296,0.119,-0.42,0.16,14.445,0.066
4/1/1966,8.161,0.068,13.951,0.104,2.331,0.106,15.254,0.059
5/1/1966,11.2,0.064,17.07,0.213,5.189,0.171,15.987,0.061
6/1/1966,13.587,0.161,19.378,0.251,7.723,0.175,16.693,0.076
7/1/1966,14.569,0.112,20.392,0.1,8.823,0.126,17.033,0.07
8/1/1966,13.731,0.101,19.627,0.205,8.087,0.111,16.826,0.068
9/1/1966,12.133,0.107,18.028,0.085,6.482,0.135,16.273,0.069
10/1/1966,9.153,0.073,14.777,0.081,3.555,0.112,15.315,0.061
11/1/1966,5.969,0.074,11.58,0.084,0.412,0.134,14.362,0.058
12/1/1966,3.382,0.052,8.758,0.084,-1.927,0.13,13.683,0.057
1/1/1967,2.71,0.07,8.395,0.062,-2.869,0.14,13.527,0.055
2/1/1967,2.905,0.126,8.619,0.156,-2.772,0.159,13.688,0.064
3/1/1967,5.396,0.079,11.222,0.107,-0.356,0.075,14.465,0.057
4/1/1967,8.458,0.11,14.376,0.146,2.5,0.228,15.3,0.061
5/1/1967,11.632,0.077,17.505,0.172,5.784,0.167,16.279,0.061
6/1/1967,13.194,0.071,18.911,0.145,7.445,0.152,16.665,0.057
7/1/1967,14.331,0.169,20.142,0.153,8.706,0.142,16.97,0.078
8/1/1967,13.821,0.107,19.593,0.242,8.172,0.245,16.84,0.064
9/1/1967,12.054,0.058,17.852,0.107,6.269,0.166,16.244,0.06
10/1/1967,9.809,0.045,15.479,0.08,4.178,0.086,15.469,0.056
11/1/1967,6.176,0.042,11.505,0.085,0.808,0.147,14.353,0.048
12/1/1967,3.915,0.05,9.279,0.056,-1.42,0.114,13.73,0.05
1/1/1968,2.353,0.094,7.867,0.102,-3.062,0.075,13.389,0.054
2/1/1968,3.245,0.124,8.88,0.098,-2.319,0.082,13.724,0.059
3/1/1968,6.117,0.069,11.907,0.126,0.285,0.068,14.581,0.052
4/1/1968,8.455,0.143,14.427,0.115,2.596,0.281,15.261,0.064
5/1/1968,11.068,0.111,16.76,0.16,5.176,0.201,15.99,0.062
6/1/1968,13.204,0.187,18.873,0.16,7.318,0.213,16.696,0.073
7/1/1968,14.026,0.089,19.734,0.137,8.431,0.105,16.887,0.058
8/1/1968,13.524,0.08,19.238,0.079,7.892,0.14,16.794,0.057
9/1/1968,11.62,0.19,17.348,0.223,5.942,0.152,16.155,0.076
10/1/1968,9.453,0.138,15.086,0.127,3.787,0.263,15.481,0.066
11/1/1968,5.891,0.062,11.3,0.105,0.357,0.135,14.418,0.051
12/1/1968,3.24,0.053,8.551,0.135,-2.116,0.103,13.791,0.05
1/1/1969,1.966,0.053,7.229,0.091,-3.298,0.116,13.518,0.048
2/1/1969,2.45,0.092,7.969,0.126,-3.191,0.151,13.747,0.052
3/1/1969,5.131,0.106,11.018,0.106,-0.824,0.213,14.576,0.056
4/1/1969,8.576,0.125,14.286,0.201,2.69,0.237,15.518,0.062
5/1/1969,11.354,0.077,17.064,0.157,5.565,0.241,16.329,0.053
6/1/1969,13.475,0.119,19.208,0.256,7.568,0.34,16.83,0.062
7/1/1969,14.218,0.109,20.024,0.226,8.666,0.163,16.924,0.059
8/1/1969,13.804,0.08,19.628,0.16,8.124,0.224,16.945,0.056
9/1/1969,12.048,0.057,17.67,0.112,6.421,0.141,16.337,0.053
10/1/1969,9.489,0.065,14.888,0.155,4.05,0.269,15.445,0.056
11/1/1969,6.42,0.053,11.974,0.125,0.923,0.141,14.524,0.051
12/1/1969,4.21,0.086,9.587,0.103,-1.139,0.113,13.993,0.054
1/1/1970,2.836,0.084,8.288,0.117,-2.584,0.099,13.711,0.052
2/1/1970,3.735,0.082,9.543,0.108,-2.02,0.127,14.022,0.053
3/1/1970,5.272,0.114,11.066,0.18,-0.545,0.211,14.503,0.058
4/1/1970,8.603,0.066,14.383,0.179,2.739,0.113,15.44,0.051
5/1/1970,11.206,0.099,17.165,0.121,5.402,0.107,16.104,0.055
6/1/1970,13.513,0.086,19.368,0.203,7.599,0.189,16.672,0.056
7/1/1970,14.395,0.1,20.254,0.114,8.723,0.099,16.912,0.058
8/1/1970,13.658,0.062,19.43,0.179,8.097,0.122,16.748,0.052
9/1/1970,12.277,0.063,17.879,0.089,6.62,0.124,16.335,0.055
10/1/1970,9.348,0.042,14.96,0.089,3.787,0.103,15.42,0.051
11/1/1970,6.047,0.059,11.562,0.109,0.524,0.082,14.418,0.05
12/1/1970,3.521,0.05,8.941,0.094,-1.829,0.084,13.707,0.048
1/1/1971,2.967,0.101,8.531,0.122,-2.531,0.125,13.615,0.054
2/1/1971,2.867,0.17,8.579,0.145,-2.723,0.199,13.627,0.067
3/1/1971,5.001,0.063,10.967,0.154,-0.896,0.11,14.254,0.049
4/1/1971,8.339,0.067,14.267,0.09,2.516,0.251,15.227,0.049
5/1/1971,11.211,0.112,17.186,0.12,5.384,0.159,15.963,0.058
6/1/1971,13.099,0.104,18.992,0.227,7.436,0.126,16.539,0.059
7/1/1971,14.139,0.106,19.984,0.142,8.511,0.125,16.846,0.061
8/1/1971,13.879,0.076,19.593,0.122,8.086,0.082,16.752,0.056
9/1/1971,12.139,0.129,17.918,0.317,6.463,0.303,16.22,0.062
10/1/1971,9.388,0.106,15.146,0.127,3.809,0.16,15.298,0.056
11/1/1971,6.295,0.076,11.842,0.112,0.931,0.131,14.399,0.052
12/1/1971,3.867,0.065,9.228,0.118,-1.439,0.126,13.66,0.051
1/1/1972,1.882,0.086,7.392,0.143,-3.549,0.205,13.298,0.053
2/1/1972,2.609,0.105,8.219,0.113,-3.115,0.199,13.644,0.054
3/1/1972,5.287,0.05,11.169,0.087,-0.672,0.152,14.446,0.048
4/1/1972,8.337,0.067,14.148,0.123,2.498,0.11,15.291,0.051
5/1/1972,11.155,0.091,16.968,0.125,5.361,0.196,16.095,0.058
6/1/1972,13.501,0.113,19.231,0.156,7.627,0.127,16.729,0.061
7/1/1972,14.231,0.118,20.037,0.123,8.568,0.104,16.956,0.063
8/1/1972,14.171,0.096,19.88,0.154,8.386,0.19,16.978,0.057
9/1/1972,11.901,0.126,17.529,0.2,6.166,0.217,16.27,0.061
10/1/1972,9.346,0.141,15.057,0.198,3.84,0.232,15.438,0.064
11/1/1972,5.797,0.079,11.167,0.094,0.52,0.129,14.419,0.05
12/1/1972,3.778,0.072,9.182,0.181,-1.492,0.084,13.951,0.05
1/1/1973,3.038,0.092,8.492,0.152,-2.308,0.104,13.774,0.052
2/1/1973,3.898,0.161,9.496,0.135,-1.654,0.087,14.14,0.064
3/1/1973,5.82,0.096,11.605,0.212,0.109,0.142,14.663,0.052
4/1/1973,8.938,0.103,14.51,0.108,3.107,0.106,15.528,0.055
5/1/1973,11.769,0.082,17.417,0.158,5.926,0.164,16.288,0.053
6/1/1973,13.824,0.085,19.497,0.126,8.155,0.122,16.795,0.052
7/1/1973,14.435,0.129,20.112,0.093,8.989,0.11,17.002,0.061
8/1/1973,13.869,0.151,19.707,0.149,8.427,0.133,16.889,0.062
9/1/1973,12.125,0.081,17.815,0.168,6.504,0.102,16.267,0.054
10/1/1973,9.609,0.064,15.182,0.111,3.913,0.095,15.419,0.053
11/1/1973,6.222,0.083,11.667,0.052,0.788,0.202,14.381,0.05
12/1/1973,3.832,0.082,9.292,0.111,-1.514,0.073,13.711,0.051
1/1/1974,2.261,0.096,7.464,0.109,-2.894,0.096,13.3,0.052
2/1/1974,2.582,0.127,8.118,0.093,-2.926,0.074,13.49,0.057
3/1/1974,5.19,0.114,10.966,0.134,-0.495,0.098,14.267,0.054
4/1/1974,8.386,0.091,14.179,0.078,2.59,0.117,15.182,0.053
5/1/1974,11.198,0.087,16.932,0.121,5.47,0.093,15.957,0.053
6/1/1974,13.382,0.131,19.235,0.099,7.591,0.085,16.616,0.063
7/1/1974,14.288,0.059,19.925,0.128,8.654,0.109,16.846,0.053
8/1/1974,14.016,0.105,19.652,0.158,8.391,0.13,16.912,0.06
9/1/1974,11.744,0.135,17.43,0.18,6.14,0.22,16.197,0.065
10/1/1974,9.098,0.059,14.884,0.079,3.423,0.112,15.274,0.051
11/1/1974,5.915,0.123,11.459,0.138,0.389,0.163,14.32,0.057
12/1/1974,3.55,0.127,8.739,0.155,-1.522,0.126,13.656,0.057
1/1/1975,3.059,0.078,8.484,0.071,-2.257,0.121,13.621,0.051
2/1/1975,3.395,0.107,9.026,0.133,-2.096,0.095,13.857,0.053
3/1/1975,5.706,0.07,11.384,0.103,-0.15,0.098,14.538,0.048
4/1/1975,8.584,0.066,14.399,0.066,2.882,0.088,15.297,0.049
5/1/1975,11.742,0.087,17.484,0.198,5.842,0.145,16.136,0.054
6/1/1975,13.557,0.109,19.275,0.161,7.796,0.197,16.682,0.057
7/1/1975,14.351,0.096,20.051,0.18,8.637,0.141,16.877,0.059
8/1/1975,13.514,0.219,19.248,0.244,7.892,0.107,16.665,0.079
9/1/1975,12.152,0.127,17.804,0.115,6.54,0.096,16.216,0.061
10/1/1975,9.318,0.064,14.908,0.154,3.671,0.215,15.292,0.053
11/1/1975,5.893,0.056,11.462,0.086,0.332,0.127,14.126,0.049
12/1/1975,3.667,0.086,9.079,0.088,-1.636,0.103,13.557,0.051
1/1/1976,2.884,0.068,8.398,0.079,-2.452,0.11,13.442,0.05
2/1/1976,3.031,0.069,8.509,0.104,-2.443,0.094,13.619,0.05
3/1/1976,4.517,0.06,10.305,0.082,-1.204,0.082,14.124,0.049
4/1/1976,8.294,0.086,14.177,0.132,2.489,0.106,15.135,0.053
5/1/1976,10.942,0.163,16.728,0.149,5.176,0.108,15.778,0.067
6/1/1976,13.086,0.103,18.954,0.173,7.345,0.13,16.448,0.06
7/1/1976,14.155,0.18,19.852,0.245,8.349,0.221,16.864,0.073
8/1/1976,13.511,0.17,19.163,0.234,7.646,0.222,16.671,0.072
9/1/1976,11.895,0.053,17.74,0.079,6.197,0.1,16.185,0.056
10/1/1976,8.511,0.111,14.028,0.253,3.113,0.22,15.167,0.059
11/1/1976,5.66,0.062,11.156,0.124,0.302,0.164,14.299,0.05
12/1/1976,3.681,0.082,9.086,0.155,-1.708,0.16,13.841,0.05
1/1/1977,2.492,0.087,7.764,0.197,-2.648,0.16,13.647,0.05
2/1/1977,3.471,0.12,9.135,0.088,-2.152,0.145,14.001,0.056
3/1/1977,5.702,0.11,11.581,0.123,-0.035,0.168,14.639,0.055
4/1/1977,8.85,0.064,14.751,0.092,3.058,0.081,15.47,0.049
5/1/1977,11.78,0.133,17.594,0.163,6.009,0.227,16.286,0.061
6/1/1977,13.876,0.11,19.628,0.173,8.058,0.184,16.846,0.056
7/1/1977,14.631,0.111,20.327,0.122,8.971,0.206,17.047,0.06
8/1/1977,14.09,0.078,19.673,0.162,8.464,0.134,16.979,0.053
9/1/1977,11.862,0.065,17.535,0.073,6.35,0.111,16.312,0.054
10/1/1977,9.156,0.041,14.875,0.106,3.586,0.09,15.387,0.049
11/1/1977,6.544,0.062,11.962,0.101,1.259,0.07,14.544,0.048
12/1/1977,3.749,0.035,9.001,0.1,-1.385,0.139,13.741,0.045
1/1/1978,2.705,0.095,8.006,0.078,-2.52,0.078,13.587,0.054
2/1/1978,3.456,0.137,9.006,0.2,-2.149,0.2,13.904,0.06
3/1/1978,5.607,0.097,11.344,0.055,-0.074,0.174,14.555,0.052
4/1/1978,8.791,0.088,14.628,0.344,3.084,0.416,15.372,0.05
5/1/1978,11.414,0.139,17.131,0.236,5.723,0.314,16.101,0.061
6/1/1978,13.22,0.106,18.891,0.164,7.715,0.213,16.601,0.057
7/1/1978,14.364,0.158,19.911,0.132,8.894,0.237,16.935,0.067
8/1/1978,13.297,0.099,18.974,0.155,7.681,0.173,16.623,0.056
9/1/1978,12.03,0.096,17.64,0.164,6.431,0.127,16.281,0.058
10/1/1978,9.339,0.082,14.964,0.145,3.803,0.15,15.337,0.054
11/1/1978,6.35,0.081,11.685,0.112,1.08,0.126,14.522,0.05
12/1/1978,3.74,0.068,9.195,0.085,-1.617,0.093,13.793,0.047
1/1/1979,2.679,0.083,8.071,0.125,-2.625,0.1,13.63,0.048
2/1/1979,2.841,0.089,8.525,0.076,-2.759,0.147,13.768,0.047
3/1/1979,5.474,0.102,11.331,0.187,-0.129,0.272,14.565,0.051
4/1/1979,8.455,0.078,14.273,0.258,2.623,0.303,15.391,0.046
5/1/1979,11.199,0.149,17.139,0.198,5.712,0.212,16.076,0.058
6/1/1979,13.487,0.067,19.366,0.213,7.818,0.215,16.772,0.043
7/1/1979,14.114,0.054,19.945,0.109,8.491,0.117,16.992,0.042
8/1/1979,13.833,0.087,19.623,0.16,8.266,0.181,16.978,0.046
9/1/1979,12.247,0.091,18.059,0.18,6.714,0.24,16.45,0.048
10/1/1979,9.586,0.09,15.354,0.116,4.054,0.125,15.557,0.049
11/1/1979,6.286,0.079,11.807,0.13,0.905,0.051,14.609,0.047
12/1/1979,4.6,0.068,10,0.115,-0.669,0.051,14.182,0.045
1/1/1980,2.956,0.087,8.468,0.08,-2.457,0.124,13.812,0.049
2/1/1980,3.652,0.099,9.26,0.129,-1.864,0.115,14.112,0.05
3/1/1980,5.367,0.103,11.24,0.16,-0.379,0.126,14.646,0.052
4/1/1980,8.935,0.106,14.821,0.129,3.109,0.175,15.578,0.052
5/1/1980,11.77,0.089,17.713,0.234,6.131,0.172,16.314,0.05
6/1/1980,13.582,0.134,19.375,0.185,7.901,0.299,16.806,0.058
7/1/1980,14.742,0.144,20.466,0.179,9.102,0.214,17.171,0.06
8/1/1980,14.189,0.221,19.814,0.117,8.563,0.089,17.049,0.077
9/1/1980,12.321,0.08,18.121,0.152,6.642,0.146,16.427,0.051
10/1/1980,9.55,0.064,15.17,0.118,4.051,0.112,15.45,0.048
11/1/1980,6.684,0.094,12.196,0.183,1.334,0.143,14.645,0.051
12/1/1980,4.016,0.059,9.431,0.165,-1.277,0.086,13.892,0.046
1/1/1981,3.785,0.121,9.267,0.193,-1.298,0.153,13.963,0.055
2/1/1981,4.021,0.139,9.689,0.133,-1.41,0.119,14.073,0.059
3/1/1981,6.239,0.035,12.05,0.063,0.554,0.161,14.769,0.045
4/1/1981,8.953,0.08,14.817,0.206,3.131,0.25,15.432,0.05
5/1/1981,11.565,0.084,17.471,0.33,5.901,0.345,16.198,0.049
6/1/1981,13.765,0.122,19.611,0.126,8.065,0.148,16.932,0.058
7/1/1981,14.738,0.082,20.398,0.122,9.208,0.132,17.217,0.054
8/1/1981,14.502,0.099,20.293,0.092,8.977,0.081,17.123,0.055
9/1/1981,12.236,0.118,17.95,0.098,6.646,0.139,16.466,0.058
10/1/1981,9.394,0.059,14.979,0.096,3.765,0.066,15.453,0.05
11/1/1981,6.273,0.058,11.669,0.114,0.97,0.099,14.47,0.047
12/1/1981,4.519,0.05,10.068,0.094,-0.878,0.076,14.098,0.048
1/1/1982,2.558,0.08,8.09,0.13,-2.777,0.097,13.587,0.053
2/1/1982,3.281,0.077,8.843,0.076,-2.075,0.07,13.852,0.053
3/1/1982,4.873,0.087,10.667,0.139,-0.722,0.137,14.337,0.054
4/1/1982,8.465,0.093,14.388,0.223,2.89,0.433,15.33,0.054
5/1/1982,11.348,0.09,17.149,0.305,5.727,0.283,16.144,0.054
6/1/1982,13.245,0.071,19.083,0.234,7.556,0.251,16.625,0.053
7/1/1982,14.545,0.073,20.311,0.301,9.019,0.397,17,0.058
8/1/1982,13.796,0.067,19.534,0.166,8.465,0.217,16.867,0.054
9/1/1982,12.039,0.067,17.75,0.155,6.675,0.213,16.354,0.055
10/1/1982,9.232,0.066,14.845,0.129,3.917,0.139,15.493,0.054
11/1/1982,5.961,0.111,11.314,0.117,0.909,0.184,14.446,0.057
12/1/1982,4.327,0.11,9.637,0.077,-0.705,0.064,14.068,0.058
1/1/1983,3.445,0.115,8.747,0.084,-1.65,0.08,13.979,0.057
2/1/1983,3.814,0.173,9.427,0.088,-1.592,0.085,14.169,0.068
3/1/1983,5.699,0.09,11.503,0.055,0.097,0.091,14.683,0.053
4/1/1983,8.693,0.05,14.45,0.092,3.053,0.134,15.468,0.048
5/1/1983,11.729,0.106,17.477,0.136,6.144,0.187,16.34,0.056
6/1/1983,13.478,0.124,19.217,0.147,7.819,0.17,16.786,0.061
7/1/1983,14.408,0.07,20.139,0.138,8.829,0.115,17.068,0.054
8/1/1983,14.302,0.061,20.105,0.177,8.729,0.1,17.145,0.052
9/1/1983,12.698,0.098,18.412,0.093,7.08,0.16,16.573,0.059
10/1/1983,9.478,0.096,15.097,0.088,4.011,0.155,15.498,0.058
11/1/1983,6.765,0.091,12.334,0.151,1.421,0.134,14.648,0.054
12/1/1983,3.829,0.054,9.25,0.127,-1.312,0.08,13.886,0.05
1/1/1984,2.941,0.081,8.338,0.111,-2.235,0.085,13.701,0.052
2/1/1984,3.093,0.101,8.786,0.136,-2.452,0.169,13.878,0.056
3/1/1984,5.671,0.084,11.541,0.1,-0.078,0.06,14.608,0.056
4/1/1984,8.432,0.163,14.335,0.23,2.608,0.209,15.37,0.068
5/1/1984,11.976,0.061,17.86,0.115,6.211,0.138,16.295,0.052
6/1/1984,13.387,0.191,19.05,0.127,7.662,0.167,16.668,0.073
7/1/1984,14.429,0.137,20.109,0.075,8.958,0.191,16.961,0.063
8/1/1984,13.984,0.085,19.83,0.235,8.33,0.151,16.972,0.054
9/1/1984,12.015,0.074,17.718,0.098,6.5,0.096,16.385,0.053
10/1/1984,9.378,0.082,14.891,0.066,4.015,0.101,15.368,0.054
11/1/1984,5.811,0.106,11.243,0.166,0.602,0.088,14.32,0.055
12/1/1984,3.185,0.066,8.411,0.15,-1.88,0.109,13.604,0.05
1/1/1985,3.01,0.082,8.385,0.122,-2.22,0.063,13.678,0.052
2/1/1985,2.704,0.085,8.322,0.117,-2.853,0.08,13.731,0.051
3/1/1985,5.451,0.06,11.194,0.087,-0.133,0.086,14.526,0.05
4/1/1985,8.633,0.085,14.421,0.085,2.905,0.113,15.356,0.054
5/1/1985,11.426,0.066,17.203,0.117,5.756,0.119,16.136,0.05
6/1/1985,13.569,0.187,19.396,0.24,7.908,0.146,16.713,0.07
7/1/1985,13.973,0.087,19.711,0.113,8.362,0.141,16.906,0.051
8/1/1985,14.059,0.087,19.757,0.113,8.515,0.092,17.013,0.05
9/1/1985,11.98,0.08,17.634,0.138,6.482,0.135,16.357,0.054
10/1/1985,9.338,0.089,14.808,0.048,4.051,0.099,15.476,0.054
11/1/1985,5.968,0.104,11.331,0.102,0.703,0.107,14.388,0.055
12/1/1985,3.785,0.107,9.044,0.154,-1.368,0.084,13.808,0.056
1/1/1986,3.315,0.117,8.818,0.071,-2.011,0.076,13.724,0.057
2/1/1986,3.991,0.113,9.699,0.202,-1.637,0.092,14.084,0.056
3/1/1986,5.755,0.048,11.629,0.077,0.015,0.055,14.608,0.049
4/1/1986,8.871,0.086,14.772,0.206,3.105,0.062,15.452,0.054
5/1/1986,11.581,0.066,17.393,0.108,5.889,0.178,16.163,0.049
6/1/1986,13.439,0.06,19.211,0.191,7.72,0.192,16.696,0.05
7/1/1986,14.293,0.06,19.987,0.1,8.739,0.115,16.991,0.05
8/1/1986,13.972,0.059,19.874,0.099,8.433,0.141,16.938,0.05
9/1/1986,11.817,0.143,17.713,0.106,6.395,0.274,16.285,0.063
10/1/1986,9.299,0.096,14.803,0.148,3.881,0.157,15.455,0.054
11/1/1986,5.919,0.1,11.232,0.063,0.702,0.092,14.407,0.055
12/1/1986,3.751,0.072,9.071,0.075,-1.399,0.105,13.805,0.052
1/1/1987,3.139,0.115,8.701,0.082,-2.344,0.109,13.758,0.058
2/1/1987,4.134,0.091,9.792,0.105,-1.366,0.092,14.161,0.053
3/1/1987,5.245,0.076,11.203,0.074,-0.467,0.084,14.538,0.051
4/1/1987,8.595,0.078,14.69,0.083,2.835,0.22,15.447,0.052
5/1/1987,11.525,0.065,17.315,0.13,5.798,0.136,16.252,0.051
6/1/1987,13.927,0.068,19.661,0.146,8.105,0.126,16.9,0.051
7/1/1987,14.89,0.144,20.667,0.105,9.326,0.196,17.296,0.063
8/1/1987,13.896,0.127,19.632,0.147,8.32,0.227,17.061,0.06
9/1/1987,12.447,0.075,18.226,0.13,6.878,0.218,16.569,0.053
10/1/1987,9.59,0.077,15.136,0.081,4.094,0.089,15.621,0.051
11/1/1987,6.056,0.052,11.518,0.161,0.71,0.131,14.561,0.049
12/1/1987,4.489,0.054,9.857,0.085,-0.712,0.107,14.13,0.048
1/1/1988,3.454,0.07,8.864,0.12,-1.798,0.09,13.978,0.052
2/1/1988,3.422,0.095,9.094,0.093,-2.031,0.075,14.064,0.052
3/1/1988,5.931,0.085,11.817,0.093,0.366,0.137,14.778,0.054
4/1/1988,8.992,0.066,14.978,0.118,3.289,0.087,15.593,0.051
5/1/1988,11.852,0.091,17.676,0.062,6.143,0.2,16.348,0.054
6/1/1988,14.099,0.098,19.974,0.16,8.356,0.085,16.976,0.057
7/1/1988,14.798,0.068,20.466,0.168,9.186,0.125,17.179,0.051
8/1/1988,14.553,0.122,20.124,0.255,8.905,0.157,17.173,0.059
9/1/1988,12.681,0.072,18.424,0.141,7.08,0.079,16.553,0.053
10/1/1988,9.979,0.062,15.719,0.194,4.363,0.151,15.639,0.052
11/1/1988,6.295,0.074,11.837,0.081,0.841,0.074,14.465,0.052
12/1/1988,4.363,0.058,9.707,0.119,-0.852,0.078,13.923,0.052
1/1/1989,2.71,0.108,8.095,0.118,-2.598,0.118,13.566,0.058
2/1/1989,3.627,0.095,9.3,0.067,-1.924,0.088,13.978,0.055
3/1/1989,5.792,0.099,11.628,0.07,0.131,0.17,14.607,0.057
4/1/1989,8.689,0.104,14.541,0.089,2.737,0.147,15.422,0.057
5/1/1989,11.28,0.094,17.105,0.208,5.494,0.13,16.121,0.056
6/1/1989,13.447,0.126,19.25,0.183,7.871,0.13,16.725,0.063
7/1/1989,14.612,0.084,20.361,0.079,8.989,0.102,17.15,0.058
8/1/1989,14.135,0.064,19.987,0.152,8.595,0.145,17.051,0.052
9/1/1989,12.403,0.101,18.198,0.105,6.675,0.15,16.5,0.059
10/1/1989,9.76,0.061,15.473,0.13,4.1,0.212,15.597,0.051
11/1/1989,6.179,0.06,11.718,0.086,0.749,0.062,14.524,0.052
12/1/1989,4.43,0.06,9.802,0.055,-0.807,0.096,14.058,0.053
1/1/1990,3.243,0.09,8.557,0.099,-1.939,0.075,13.891,0.057
2/1/1990,3.643,0.087,9.225,0.111,-1.795,0.07,14.143,0.056
3/1/1990,6.73,0.099,12.658,0.179,1.036,0.094,15.005,0.058
4/1/1990,9.169,0.059,15.058,0.084,3.373,0.125,15.683,0.052
5/1/1990,11.831,0.071,17.642,0.234,6.086,0.237,16.397,0.054
6/1/1990,13.893,0.087,19.786,0.164,8.167,0.129,16.995,0.054
7/1/1990,14.784,0.14,20.401,0.105,9.158,0.085,17.246,0.065
8/1/1990,14.095,0.05,19.956,0.221,8.514,0.162,17.11,0.054
9/1/1990,12.195,0.106,17.993,0.089,6.597,0.209,16.465,0.063
10/1/1990,9.882,0.036,15.72,0.125,4.285,0.125,15.747,0.053
11/1/1990,6.92,0.132,12.561,0.09,1.345,0.072,14.77,0.065
12/1/1990,4.425,0.079,9.935,0.057,-0.922,0.054,14.1,0.056
1/1/1991,3.195,0.066,8.506,0.044,-1.907,0.114,13.859,0.056
2/1/1991,4.044,0.087,9.774,0.074,-1.499,0.098,14.201,0.057
3/1/1991,5.574,0.076,11.411,0.106,-0.129,0.13,14.689,0.056
4/1/1991,9.226,0.04,15.123,0.09,3.414,0.159,15.716,0.055
5/1/1991,11.616,0.062,17.441,0.105,6.009,0.114,16.37,0.054
6/1/1991,14.263,0.074,19.903,0.124,8.509,0.072,17.052,0.057
7/1/1991,14.987,0.055,20.643,0.106,9.273,0.142,17.348,0.053
8/1/1991,14.319,0.057,20.036,0.086,8.61,0.111,17.163,0.055
9/1/1991,12.677,0.053,18.539,0.235,7.004,0.084,16.572,0.056
10/1/1991,9.753,0.064,15.553,0.066,4.122,0.095,15.619,0.055
11/1/1991,6.44,0.07,11.862,0.101,1.121,0.088,14.607,0.055
12/1/1991,4.059,0.041,9.284,0.078,-1.061,0.061,13.98,0.052
1/1/1992,3.579,0.084,8.914,0.1,-1.655,0.093,13.961,0.058
2/1/1992,3.931,0.148,9.491,0.116,-1.595,0.087,14.181,0.067
3/1/1992,5.952,0.069,11.692,0.064,0.253,0.086,14.771,0.056
4/1/1992,8.572,0.061,14.366,0.075,2.785,0.1,15.51,0.055
5/1/1992,11.535,0.073,17.346,0.095,5.796,0.184,16.319,0.059
6/1/1992,13.576,0.066,19.36,0.094,7.818,0.075,16.886,0.058
7/1/1992,14.139,0.081,19.853,0.083,8.421,0.082,17.001,0.057
8/1/1992,13.766,0.084,19.435,0.162,8.131,0.13,16.9,0.057
9/1/1992,11.672,0.049,17.289,0.122,6.132,0.14,16.243,0.053
10/1/1992,9.353,0.047,15.152,0.058,3.676,0.061,15.419,0.054
11/1/1992,5.889,0.083,11.303,0.062,0.463,0.066,14.343,0.056
12/1/1992,4.075,0.155,9.455,0.157,-1.063,0.126,13.902,0.068
1/1/1993,3.301,0.096,8.666,0.065,-1.919,0.076,13.896,0.062
2/1/1993,3.745,0.097,9.42,0.081,-1.744,0.054,14.085,0.06
3/1/1993,5.923,0.094,11.791,0.085,0.141,0.074,14.725,0.061
4/1/1993,8.69,0.046,14.585,0.116,2.823,0.137,15.482,0.055
5/1/1993,11.475,0.056,17.289,0.084,5.674,0.124,16.231,0.056
6/1/1993,13.518,0.075,19.292,0.094,7.767,0.146,16.859,0.058
7/1/1993,14.595,0.11,20.228,0.062,8.947,0.174,17.155,0.062
8/1/1993,13.835,0.065,19.584,0.066,8.228,0.108,16.926,0.058
9/1/1993,11.93,0.102,17.639,0.06,6.287,0.121,16.381,0.062
10/1/1993,9.614,0.064,15.294,0.061,3.987,0.047,15.543,0.058
11/1/1993,5.738,0.09,11.091,0.098,0.363,0.07,14.41,0.059
12/1/1993,4.035,0.081,9.358,0.07,-1.139,0.145,13.904,0.059
1/1/1994,3.024,0.063,8.336,0.107,-2.274,0.099,13.731,0.057
2/1/1994,2.81,0.105,8.594,0.093,-2.768,0.094,13.773,0.062
3/1/1994,5.731,0.071,11.663,0.083,-0.131,0.119,14.713,0.058
4/1/1994,9.018,0.044,14.961,0.16,3.162,0.191,15.584,0.057
5/1/1994,11.684,0.08,17.582,0.106,5.682,0.092,16.348,0.06
6/1/1994,14.144,0.087,19.932,0.099,8.288,0.109,17.021,0.061
7/1/1994,14.658,0.076,20.421,0.111,8.947,0.145,17.183,0.059
8/1/1994,13.977,0.051,19.808,0.087,8.274,0.173,17.036,0.055
9/1/1994,12.516,0.068,18.335,0.123,6.821,0.159,16.498,0.058
10/1/1994,10.002,0.077,15.606,0.093,4.543,0.166,15.743,0.06
11/1/1994,6.788,0.064,12.2,0.091,1.311,0.11,14.754,0.056
12/1/1994,4.113,0.065,9.313,0.158,-1.102,0.064,14.036,0.06
1/1/1995,3.54,0.057,8.895,0.151,-1.769,0.173,13.945,0.06
2/1/1995,4.656,0.083,10.257,0.145,-0.879,0.127,14.388,0.062
3/1/1995,5.956,0.077,11.784,0.165,0.265,0.108,14.783,0.061
4/1/1995,8.972,0.078,14.839,0.122,3.162,0.17,15.587,0.061
5/1/1995,11.57,0.063,17.301,0.121,5.758,0.222,16.279,0.057
6/1/1995,14.164,0.088,20.115,0.186,8.232,0.053,17.008,0.061
7/1/1995,15.116,0.079,20.803,0.185,9.331,0.168,17.375,0.061
8/1/1995,14.636,0.088,20.409,0.083,8.808,0.231,17.297,0.061
9/1/1995,12.565,0.087,18.382,0.068,6.921,0.182,16.58,0.06
10/1/1995,10.106,0.086,15.749,0.13,4.49,0.144,15.748,0.062
11/1/1995,6.761,0.087,12.387,0.104,1.266,0.205,14.713,0.06
12/1/1995,4.123,0.044,9.396,0.131,-1.143,0.113,13.951,0.059
1/1/1996,2.862,0.088,8.351,0.107,-2.512,0.108,13.721,0.059
2/1/1996,4.012,0.118,9.769,0.095,-1.762,0.08,14.207,0.064
3/1/1996,5.524,0.085,11.411,0.157,-0.285,0.145,14.658,0.059
4/1/1996,8.679,0.073,14.471,0.099,2.717,0.13,15.541,0.057
5/1/1996,11.588,0.106,17.437,0.102,5.792,0.123,16.272,0.063
6/1/1996,13.681,0.091,19.405,0.143,7.854,0.106,16.847,0.058
7/1/1996,14.827,0.097,20.65,0.087,9.123,0.129,17.22,0.061
8/1/1996,14.603,0.073,20.416,0.13,8.918,0.126,17.21,0.059
9/1/1996,12.294,0.053,17.974,0.116,6.711,0.17,16.444,0.056
10/1/1996,9.525,0.097,15.191,0.155,3.929,0.089,15.516,0.061
11/1/1996,6.547,0.078,11.952,0.112,1.178,0.083,14.607,0.059
12/1/1996,4.325,0.058,9.82,0.112,-1.089,0.06,14.053,0.058
1/1/1997,3.165,0.083,8.588,0.099,-2.134,0.078,13.818,0.058
2/1/1997,3.766,0.093,9.456,0.067,-1.885,0.086,14.178,0.059
3/1/1997,6.012,0.139,11.808,0.188,0.19,0.095,14.873,0.068
4/1/1997,8.891,0.054,14.817,0.114,2.967,0.115,15.634,0.055
5/1/1997,11.593,0.072,17.378,0.109,5.802,0.149,16.388,0.056
6/1/1997,14.131,0.066,19.913,0.096,8.334,0.135,17.158,0.056
7/1/1997,14.565,0.132,20.26,0.094,8.825,0.089,17.307,0.065
8/1/1997,14.256,0.091,20.13,0.104,8.579,0.122,17.266,0.059
9/1/1997,12.685,0.105,18.555,0.313,6.973,0.162,16.766,0.061
10/1/1997,10.109,0.07,15.682,0.108,4.665,0.145,15.935,0.056
11/1/1997,6.841,0.096,12.195,0.092,1.503,0.086,14.952,0.06
12/1/1997,4.417,0.062,9.634,0.064,-0.737,0.076,14.291,0.057
1/1/1998,3.352,0.076,8.555,0.093,-1.776,0.086,14.063,0.063
2/1/1998,4.826,0.106,10.475,0.11,-0.768,0.077,14.611,0.066
3/1/1998,6.023,0.082,11.888,0.073,0.301,0.102,14.958,0.065
4/1/1998,9.358,0.05,15.255,0.088,3.439,0.194,15.884,0.062
5/1/1998,12.291,0.083,18.182,0.164,6.372,0.105,16.671,0.062
6/1/1998,14.521,0.114,20.404,0.13,8.778,0.072,17.289,0.066
7/1/1998,15.34,0.074,20.972,0.062,9.715,0.17,17.609,0.062
8/1/1998,14.874,0.074,20.505,0.128,9.344,0.217,17.491,0.062
9/1/1998,12.673,0.047,18.336,0.123,7.152,0.177,16.657,0.061
10/1/1998,9.941,0.055,15.506,0.117,4.45,0.116,15.768,0.064
11/1/1998,6.404,0.081,11.872,0.09,1.039,0.082,14.697,0.062
12/1/1998,4.669,0.045,10.083,0.079,-0.656,0.101,14.214,0.061
1/1/1999,3.544,0.07,8.877,0.065,-1.732,0.11,13.933,0.063
2/1/1999,4.694,0.089,10.4,0.063,-0.957,0.099,14.367,0.065
3/1/1999,5.53,0.102,11.4,0.106,-0.274,0.086,14.676,0.069
4/1/1999,8.838,0.064,14.807,0.085,2.931,0.175,15.572,0.064
5/1/1999,11.706,0.045,17.613,0.116,5.824,0.155,16.298,0.061
6/1/1999,14.031,0.072,19.831,0.121,8.205,0.131,16.957,0.062
7/1/1999,14.853,0.101,20.578,0.087,9.24,0.12,17.218,0.064
8/1/1999,14.348,0.089,20.158,0.076,8.696,0.125,17.1,0.063
9/1/1999,12.723,0.056,18.472,0.165,7.109,0.134,16.605,0.059
10/1/1999,9.997,0.095,15.583,0.107,4.491,0.064,15.675,0.063
11/1/1999,6.592,0.083,12.121,0.08,1.107,0.085,14.673,0.063
12/1/1999,4.565,0.085,9.953,0.09,-0.692,0.078,14.13,0.064
1/1/2000,2.95,0.091,8.349,0.103,-2.322,0.072,13.773,0.064
2/1/2000,4.184,0.093,9.863,0.096,-1.371,0.092,14.266,0.065
3/1/2000,6.219,0.12,12.205,0.133,0.376,0.082,14.846,0.069
4/1/2000,9.552,0.075,15.534,0.156,3.68,0.153,15.762,0.062
5/1/2000,11.874,0.064,17.721,0.127,5.997,0.2,16.395,0.061
6/1/2000,14.06,0.1,19.847,0.206,8.243,0.161,17,0.067
7/1/2000,14.848,0.12,20.665,0.107,9.098,0.098,17.242,0.066
8/1/2000,14.519,0.086,20.308,0.095,8.796,0.152,17.243,0.063
9/1/2000,12.547,0.058,18.373,0.115,6.822,0.142,16.613,0.061
10/1/2000,9.486,0.047,15.069,0.134,4,0.097,15.588,0.06
11/1/2000,6.312,0.084,11.67,0.092,0.996,0.064,14.632,0.062
12/1/2000,3.863,0.064,9.182,0.108,-1.333,0.072,13.968,0.062
1/1/2001,3.336,0.077,8.827,0.088,-2.078,0.06,13.936,0.063
2/1/2001,3.72,0.109,9.486,0.059,-1.997,0.091,14.179,0.067
3/1/2001,6.208,0.058,12.131,0.094,0.411,0.117,14.982,0.062
4/1/2001,9.245,0.098,15.174,0.118,3.234,0.155,15.808,0.066
5/1/2001,12.271,0.105,18.185,0.13,6.35,0.107,16.569,0.066
6/1/2001,14.11,0.085,19.962,0.133,8.218,0.134,17.151,0.063
7/1/2001,15.161,0.101,20.923,0.104,9.428,0.149,17.45,0.065
8/1/2001,14.427,0.115,20.332,0.103,8.664,0.178,17.294,0.068
9/1/2001,12.736,0.087,18.581,0.114,7.07,0.17,16.758,0.065
10/1/2001,9.935,0.073,15.578,0.101,4.353,0.109,15.831,0.064
11/1/2001,7.319,0.086,12.89,0.093,1.92,0.082,15.011,0.064
12/1/2001,4.507,0.055,9.841,0.108,-0.685,0.089,14.241,0.062
1/1/2002,4.026,0.065,9.459,0.123,-1.322,0.089,14.258,0.062
2/1/2002,4.704,0.078,10.435,0.104,-0.948,0.058,14.505,0.065
3/1/2002,6.772,0.034,12.775,0.083,0.894,0.113,15.198,0.064
4/1/2002,9.229,0.049,15.146,0.099,3.308,0.152,15.818,0.062
5/1/2002,12.248,0.081,18.157,0.17,6.199,0.197,16.605,0.062
6/1/2002,14.084,0.052,19.912,0.143,8.184,0.151,17.11,0.06
7/1/2002,15.354,0.077,21.199,0.075,9.409,0.096,17.487,0.062
8/1/2002,14.56,0.067,20.444,0.136,8.807,0.136,17.328,0.061
9/1/2002,12.95,0.103,18.785,0.129,7.16,0.083,16.799,0.065
10/1/2002,9.988,0.079,15.599,0.166,4.484,0.15,15.859,0.062
11/1/2002,6.892,0.12,12.48,0.142,1.389,0.136,14.856,0.067
12/1/2002,4.038,0.064,9.357,0.119,-1.189,0.045,14.127,0.063
1/1/2003,3.981,0.07,9.558,0.119,-1.481,0.091,14.207,0.064
2/1/2003,4.085,0.097,9.749,0.088,-1.48,0.111,14.359,0.065
3/1/2003,6.048,0.055,11.972,0.077,0.215,0.127,14.973,0.062
4/1/2003,9.154,0.074,15.033,0.105,3.209,0.122,15.774,0.063
5/1/2003,12.153,0.095,18.118,0.136,6.208,0.162,16.567,0.063
6/1/2003,14.017,0.135,19.77,0.12,8.222,0.146,17.104,0.068
7/1/2003,14.983,0.184,20.757,0.117,9.223,0.154,17.423,0.078
8/1/2003,14.691,0.089,20.48,0.084,8.974,0.119,17.402,0.063
9/1/2003,12.911,0.067,18.692,0.181,7.221,0.18,16.839,0.06
10/1/2003,10.424,0.085,16.115,0.116,4.74,0.094,15.997,0.063
11/1/2003,6.727,0.075,12.203,0.134,1.347,0.117,14.838,0.061
12/1/2003,5.133,0.062,10.545,0.088,-0.179,0.091,14.436,0.062
1/1/2004,3.525,0.062,8.901,0.109,-1.65,0.097,14.097,0.059
2/1/2004,4.499,0.104,10.171,0.085,-1.182,0.075,14.488,0.065
3/1/2004,6.321,0.069,12.275,0.082,0.376,0.093,14.992,0.061
4/1/2004,9.249,0.057,15.132,0.111,3.285,0.133,15.811,0.061
5/1/2004,11.571,0.07,17.296,0.075,5.707,0.144,16.383,0.058
6/1/2004,13.889,0.097,19.66,0.128,8.035,0.155,17.006,0.063
7/1/2004,14.312,0.115,20.087,0.115,8.624,0.133,17.227,0.065
8/1/2004,14.188,0.104,20.011,0.09,8.382,0.083,17.266,0.063
9/1/2004,12.642,0.084,18.451,0.122,6.907,0.108,16.745,0.059
10/1/2004,10.127,0.091,15.843,0.117,4.511,0.092,15.889,0.061
11/1/2004,7.315,0.092,12.796,0.126,1.91,0.082,15.022,0.06
12/1/2004,4.257,0.056,9.593,0.149,-0.932,0.076,14.161,0.06
1/1/2005,3.808,0.064,9.026,0.135,-1.377,0.066,14.159,0.059
2/1/2005,3.92,0.115,9.508,0.093,-1.534,0.051,14.293,0.067
3/1/2005,6.544,0.06,12.316,0.098,0.813,0.074,15.106,0.064
4/1/2005,9.618,0.052,15.551,0.133,3.697,0.164,15.978,0.061
5/1/2005,12.226,0.09,17.995,0.132,6.392,0.166,16.629,0.061
6/1/2005,14.476,0.083,20.104,0.142,8.863,0.14,17.248,0.062
7/1/2005,15.19,0.094,20.88,0.091,9.569,0.156,17.503,0.063
8/1/2005,14.51,0.078,20.25,0.091,8.934,0.153,17.375,0.059
9/1/2005,13.217,0.08,19.11,0.109,7.412,0.148,16.903,0.059
10/1/2005,10.601,0.064,16.235,0.101,5.004,0.089,16.025,0.059
11/1/2005,7.423,0.068,12.944,0.111,1.988,0.073,15.005,0.058
12/1/2005,4.878,0.054,10.279,0.121,-0.395,0.065,14.327,0.058
1/1/2006,3.286,0.064,8.617,0.106,-1.942,0.113,13.99,0.059
2/1/2006,4.43,0.118,10.124,0.185,-1.229,0.09,14.435,0.066
3/1/2006,6.329,0.077,12.239,0.098,0.56,0.097,14.966,0.062
4/1/2006,9.055,0.089,15.004,0.191,3.081,0.166,15.729,0.061
5/1/2006,11.786,0.092,17.65,0.25,5.791,0.206,16.463,0.06
6/1/2006,14.443,0.093,20.317,0.156,8.53,0.131,17.216,0.06
7/1/2006,15.042,0.116,20.905,0.218,9.288,0.132,17.419,0.063
8/1/2006,14.913,0.107,20.79,0.122,9.147,0.182,17.479,0.061
9/1/2006,12.875,0.104,18.779,0.104,7.081,0.167,16.792,0.062
10/1/2006,10.289,0.077,15.925,0.091,4.796,0.129,15.935,0.06
11/1/2006,6.955,0.078,12.448,0.123,1.518,0.163,14.931,0.058
12/1/2006,4.987,0.065,10.346,0.151,-0.243,0.084,14.407,0.06
1/1/2007,4.579,0.059,10.084,0.147,-0.818,0.073,14.417,0.057
2/1/2007,4.221,0.077,10.039,0.077,-1.503,0.074,14.408,0.059
3/1/2007,6.485,0.113,12.483,0.096,0.517,0.142,15.017,0.065
4/1/2007,9.823,0.109,15.807,0.183,3.88,0.211,15.93,0.062
5/1/2007,12.518,0.07,18.395,0.165,6.568,0.157,16.629,0.055
6/1/2007,14.309,0.072,20.223,0.105,8.37,0.13,17.168,0.056
7/1/2007,15.23,0.115,21.108,0.116,9.482,0.166,17.485,0.061
8/1/2007,14.752,0.113,20.641,0.146,9.032,0.192,17.339,0.061
9/1/2007,12.93,0.102,18.838,0.152,7.18,0.162,16.737,0.059
10/1/2007,10.332,0.1,16.134,0.13,4.609,0.12,15.867,0.06
11/1/2007,7.084,0.085,12.772,0.132,1.478,0.105,14.821,0.057
12/1/2007,4.523,0.059,9.873,0.097,-0.684,0.114,14.11,0.057
1/1/2008,2.844,0.059,8.155,0.16,-2.383,0.109,13.719,0.057
2/1/2008,3.576,0.068,9.351,0.078,-2.106,0.1,14.061,0.059
3/1/2008,6.906,0.099,12.992,0.106,0.879,0.112,15.077,0.063
4/1/2008,9.295,0.083,15.42,0.121,3.175,0.127,15.735,0.058
5/1/2008,12.054,0.071,17.989,0.084,6.053,0.155,16.497,0.055
6/1/2008,14.145,0.097,19.973,0.091,8.266,0.144,17.077,0.058
7/1/2008,15.174,0.072,21.006,0.138,9.407,0.16,17.449,0.054
8/1/2008,14.377,0.113,20.176,0.073,8.594,0.141,17.282,0.06
9/1/2008,12.802,0.087,18.629,0.087,7.116,0.154,16.757,0.057
10/1/2008,10.399,0.078,16.038,0.091,4.847,0.125,15.931,0.056
11/1/2008,7.224,0.064,12.738,0.107,1.796,0.103,14.919,0.054
12/1/2008,4.385,0.056,9.834,0.106,-0.946,0.128,14.151,0.056
1/1/2009,3.687,0.078,9.176,0.103,-1.756,0.107,14.091,0.058
2/1/2009,4.094,0.083,9.822,0.06,-1.545,0.077,14.267,0.06
3/1/2009,6.086,0.058,12.065,0.093,0.132,0.112,14.873,0.06
4/1/2009,9.367,0.084,15.377,0.098,3.32,0.194,15.819,0.059
5/1/2009,12.112,0.104,18.01,0.177,6.141,0.167,16.571,0.06
6/1/2009,14.201,0.074,20.056,0.172,8.3,0.122,17.26,0.057
7/1/2009,15.231,0.148,21.085,0.1,9.456,0.13,17.578,0.067
8/1/2009,14.655,0.109,20.577,0.103,8.855,0.137,17.427,0.06
9/1/2009,13.153,0.05,19.006,0.094,7.397,0.133,16.864,0.053
10/1/2009,10.136,0.075,15.79,0.087,4.563,0.104,15.91,0.056
11/1/2009,7.031,0.087,12.574,0.085,1.64,0.128,14.968,0.057
12/1/2009,4.31,0.081,9.661,0.121,-0.94,0.101,14.298,0.06
1/1/2010,3.737,0.079,9.245,0.087,-1.677,0.082,14.208,0.06
2/1/2010,4.399,0.08,10.034,0.083,-1.107,0.079,14.517,0.061
3/1/2010,6.738,0.057,12.669,0.074,0.796,0.119,15.223,0.059
4/1/2010,9.671,0.087,15.616,0.153,3.759,0.159,16.039,0.06
5/1/2010,12.406,0.078,18.173,0.143,6.524,0.132,16.732,0.057
6/1/2010,14.421,0.086,20.252,0.118,8.489,0.128,17.271,0.057
7/1/2010,15.213,0.09,20.97,0.08,9.551,0.141,17.532,0.057
8/1/2010,14.768,0.112,20.656,0.062,8.984,0.124,17.412,0.061
9/1/2010,12.863,0.065,18.603,0.092,7.252,0.117,16.761,0.054
10/1/2010,10.442,0.07,16.115,0.083,4.905,0.12,15.939,0.057
11/1/2010,7.487,0.102,13.168,0.128,1.95,0.097,14.995,0.06
12/1/2010,4.292,0.095,9.887,0.138,-1.139,0.09,14.117,0.06
1/1/2011,3.282,0.082,8.722,0.096,-2.034,0.133,13.928,0.059
2/1/2011,3.743,0.067,9.435,0.077,-1.906,0.104,14.193,0.059
3/1/2011,6.101,0.064,11.963,0.098,0.314,0.144,14.88,0.06
4/1/2011,9.483,0.046,15.45,0.152,3.524,0.159,15.832,0.056
5/1/2011,11.986,0.056,17.917,0.105,6.023,0.165,16.523,0.056
6/1/2011,14.37,0.082,20.231,0.102,8.48,0.143,17.203,0.058
7/1/2011,15.482,0.113,21.32,0.131,9.684,0.11,17.568,0.062
8/1/2011,15.012,0.091,20.922,0.114,9.208,0.13,17.475,0.059
9/1/2011,12.912,0.083,18.89,0.14,6.998,0.147,16.762,0.057
10/1/2011,10.352,0.087,16.075,0.08,4.85,0.115,15.873,0.059
11/1/2011,6.814,0.107,12.395,0.094,1.432,0.156,14.799,0.06
12/1/2011,4.655,0.106,10.098,0.183,-0.641,0.133,14.198,0.063
1/1/2012,3.157,0.085,8.691,0.135,-2.233,0.117,13.859,0.06
2/1/2012,3.628,0.102,9.379,0.084,-2.067,0.145,14.164,0.063
3/1/2012,6.023,0.054,12.025,0.082,0.075,0.16,14.863,0.061
4/1/2012,9.676,0.055,15.679,0.129,3.689,0.144,15.881,0.059
5/1/2012,12.59,0.109,18.611,0.108,6.461,0.162,16.699,0.064
6/1/2012,14.492,0.078,20.43,0.101,8.505,0.14,17.252,0.06
7/1/2012,15.076,0.076,21.006,0.079,9.229,0.113,17.45,0.06
8/1/2012,14.72,0.069,20.709,0.079,8.84,0.218,17.42,0.06
9/1/2012,13.04,0.069,19.074,0.093,7.176,0.188,16.882,0.06
10/1/2012,10.428,0.098,16.203,0.099,4.765,0.134,16.019,0.063
11/1/2012,7.156,0.116,12.689,0.15,1.796,0.127,15.001,0.064
12/1/2012,4.102,0.09,9.498,0.149,-1.162,0.096,14.138,0.064
1/1/2013,3.685,0.097,9.255,0.154,-1.726,0.088,14.117,0.064
2/1/2013,4.222,0.093,9.95,0.057,-1.472,0.148,14.359,0.065
3/1/2013,6.261,0.09,12.328,0.089,0.174,0.142,14.952,0.066
4/1/2013,9.044,0.098,15.084,0.15,3.055,0.177,15.749,0.065
5/1/2013,12.195,0.104,18.107,0.139,6.263,0.196,16.609,0.065
6/1/2013,14.568,0.09,20.44,0.158,8.685,0.165,17.257,0.062
7/1/2013,15.003,0.126,20.737,0.1,9.33,0.153,17.503,0.068
8/1/2013,14.742,0.129,20.596,0.12,9.014,0.179,17.462,0.068
9/1/2013,13.154,0.104,18.947,0.077,7.482,0.194,16.894,0.064
10/1/2013,10.256,0.077,15.994,0.1,4.663,0.135,15.905,0.062
11/1/2013,7.424,0.079,12.965,0.113,2.016,0.116,15.107,0.062
12/1/2013,4.724,0.085,10.083,0.129,-0.548,0.105,14.339,0.065
1/1/2014,3.732,0.075,9.327,0.138,-1.755,0.091,14.136,0.064
2/1/2014,3.5,0.068,9.146,0.073,-2.08,0.095,14.157,0.065
3/1/2014,6.378,0.098,12.367,0.108,0.436,0.139,15.09,0.068
4/1/2014,9.589,0.111,15.529,0.09,3.617,0.193,16.038,0.069
5/1/2014,12.582,0.068,18.362,0.158,6.613,0.166,16.804,0.059
6/1/2014,14.335,0.096,20.126,0.095,8.473,0.157,17.303,0.064
7/1/2014,14.873,0.078,20.711,0.091,9.112,0.135,17.508,0.061
8/1/2014,14.875,0.115,20.79,0.098,9.047,0.173,17.607,0.064
9/1/2014,13.091,0.086,18.865,0.106,7.399,0.155,16.975,0.059
10/1/2014,10.33,0.076,16.066,0.111,4.689,0.126,16.029,0.059
11/1/2014,6.713,0.121,12.284,0.124,1.313,0.115,14.899,0.064
12/1/2014,4.85,0.09,10.19,0.148,-0.331,0.123,14.41,0.062
1/1/2015,3.881,0.13,9.432,0.09,-1.518,0.097,14.255,0.066
2/1/2015,4.664,0.121,10.497,0.092,-1.138,0.113,14.564,0.067
3/1/2015,6.74,0.06,12.659,0.096,0.894,0.079,15.193,0.061
4/1/2015,9.313,0.088,15.224,0.137,3.402,0.147,15.962,0.061
5/1/2015,12.312,0.081,18.181,0.117,6.313,0.153,16.774,0.058
6/1/2015,14.505,0.068,20.364,0.133,8.627,0.168,17.39,0.057
7/1/2015,15.051,0.086,20.904,0.109,9.326,0.225,17.611,0.058
8/1/2015,14.755,0.072,20.699,0.11,9.005,0.17,17.589,0.057
9/1/2015,12.999,0.079,18.845,0.088,7.199,0.229,17.049,0.058
10/1/2015,10.801,0.102,16.45,0.059,5.232,0.115,16.29,0.062
11/1/2015,7.433,0.119,12.892,0.093,2.157,0.106,15.252,0.063
12/1/2015,5.518,0.1,10.725,0.154,0.287,0.099,14.774,0.062
